time,open,high,low,close,volume
1759847400000,122887.64000000,123035.62000000,122575.48000000,122815.93000000,450.08264000
1759848300000,122815.94000000,123000.00000000,122568.00000000,122725.36000000,311.72096000
1759849200000,122725.36000000,122865.36000000,121695.95000000,121951.08000000,966.89870000
1759850100000,121951.08000000,122371.28000000,121852.16000000,122079.96000000,428.76087000
1759851000000,122079.97000000,122124.00000000,121172.89000000,121683.26000000,832.58990000
1759851900000,121683.26000000,121878.96000000,121335.02000000,121846.01000000,570.42375000
1759852800000,121846.01000000,121860.25000000,121391.01000000,121531.67000000,510.63469000
1759853700000,121531.68000000,121650.26000000,120800.02000000,121143.21000000,611.80482000
1759854600000,121143.21000000,121855.17000000,121140.80000000,121763.39000000,459.70746000
1759855500000,121763.38000000,122084.14000000,121622.21000000,121684.17000000,469.46322000
1759856400000,121684.17000000,121822.58000000,121340.72000000,121477.61000000,427.58127000
1759857300000,121477.60000000,121550.00000000,121222.84000000,121295.55000000,345.15793000
1759858200000,121295.55000000,121426.31000000,121164.25000000,121406.31000000,159.89381000
1759859100000,121406.30000000,121589.37000000,121100.00000000,121130.02000000,308.49948000
1759860000000,121130.02000000,121306.13000000,120861.45000000,121183.42000000,277.32073000
1759860900000,121183.41000000,121225.40000000,120574.94000000,120747.51000000,454.74432000
1759861800000,120747.51000000,120915.06000000,120600.00000000,120791.11000000,191.88233000
1759862700000,120791.10000000,120984.21000000,120758.93000000,120895.37000000,175.65757000
1759863600000,120895.37000000,121560.66000000,120860.46000000,121447.24000000,331.15997000
1759864500000,121447.25000000,121590.00000000,121224.99000000,121270.00000000,259.87117000
1759865400000,121270.00000000,121541.97000000,121263.37000000,121382.64000000,310.37886000
1759866300000,121382.63000000,122027.30000000,121350.06000000,121637.17000000,433.13837000
1759867200000,121637.18000000,122150.00000000,121637.18000000,122042.94000000,204.30055000
1759868100000,122042.95000000,122196.48000000,121953.91000000,122196.47000000,119.52036000
1759869000000,122196.47000000,122196.48000000,122030.49000000,122072.07000000,76.87310000
1759869900000,122072.07000000,122193.09000000,121907.86000000,121943.61000000,92.93413000
1759870800000,121943.61000000,122180.00000000,121765.90000000,121992.27000000,125.77929000
1759871700000,121992.27000000,122292.62000000,121958.14000000,122248.21000000,95.03518000
1759872600000,122248.21000000,122248.21000000,121814.54000000,122018.54000000,102.11751000
1759873500000,122018.55000000,122018.55000000,121787.47000000,122016.00000000,74.97919000
1759874400000,122016.00000000,122046.36000000,121797.60000000,122030.71000000,119.69055000
1759875300000,122030.70000000,122173.50000000,121880.37000000,121916.73000000,113.90756000
1759876200000,121916.73000000,122047.37000000,121823.58000000,121930.86000000,115.52923000
1759877100000,121930.87000000,122011.18000000,121926.04000000,122011.17000000,55.18385000
1759878000000,122011.17000000,122022.88000000,121768.69000000,121801.41000000,79.00015000
1759878900000,121801.41000000,121851.50000000,121587.92000000,121662.19000000,113.66425000
1759879800000,121662.20000000,121662.20000000,121367.48000000,121465.81000000,217.35204000
1759880700000,121465.82000000,121524.48000000,121258.08000000,121332.95000000,167.64652000
1759881600000,121332.96000000,121614.66000000,121332.96000000,121551.37000000,129.34341000
1759882500000,121551.38000000,121802.38000000,121551.38000000,121587.80000000,132.40665000
1759883400000,121587.80000000,121952.71000000,121276.00000000,121889.93000000,208.27662000
1759884300000,121889.92000000,122089.68000000,121799.99000000,121914.09000000,181.71223000
1759885200000,121914.09000000,122030.50000000,121676.56000000,121706.19000000,171.35321000
1759886100000,121706.19000000,122056.00000000,121605.75000000,121833.45000000,160.84506000
1759887000000,121833.45000000,121959.74000000,121750.00000000,121793.64000000,116.94182000
1759887900000,121793.63000000,121955.50000000,121775.28000000,121950.01000000,70.42369000
1759888800000,121950.00000000,121983.13000000,121825.74000000,121938.97000000,94.07879000
1759889700000,121938.97000000,122229.66000000,121938.97000000,122186.01000000,164.86665000
1759890600000,122186.02000000,122186.02000000,121870.28000000,121910.78000000,114.14037000
1759891500000,121910.79000000,122090.56000000,121860.14000000,122048.28000000,161.02685000
1759892400000,122048.28000000,122048.28000000,121723.53000000,121723.53000000,193.70826000
1759893300000,121723.54000000,121821.07000000,121395.37000000,121453.24000000,191.05713000
1759894200000,121452.76000000,121509.48000000,121310.00000000,121310.01000000,166.48681000
1759895100000,121310.00000000,121436.82000000,121200.00000000,121374.75000000,150.10071000
1759896000000,121374.76000000,121484.37000000,121066.14000000,121384.41000000,206.80177000
1759896900000,121384.41000000,121597.87000000,121340.00000000,121471.37000000,152.68839000
1759897800000,121471.37000000,121786.57000000,121471.37000000,121600.91000000,207.88051000
1759898700000,121600.92000000,121910.24000000,121600.92000000,121900.00000000,145.09113000
1759899600000,121900.01000000,121900.01000000,121650.00000000,121759.31000000,164.90739000
1759900500000,121759.30000000,121776.95000000,121272.48000000,121390.20000000,224.81042000
1759901400000,121390.20000000,121524.09000000,121292.76000000,121292.76000000,187.21003000
1759902300000,121292.75000000,121374.02000000,121173.86000000,121374.01000000,131.92487000
1759903200000,121374.02000000,121425.69000000,121068.96000000,121306.12000000,136.93477000
1759904100000,121306.12000000,121500.00000000,121162.25000000,121411.42000000,115.15729000
1759905000000,121411.43000000,121575.85000000,121391.57000000,121575.81000000,127.39869000
1759905900000,121575.80000000,121841.54000000,121575.80000000,121784.29000000,172.70643000
1759906800000,121784.30000000,121872.37000000,121624.80000000,121666.22000000,206.25136000
1759907700000,121666.22000000,121698.23000000,121493.58000000,121553.73000000,182.14198000
1759908600000,121553.74000000,121571.39000000,121311.91000000,121481.31000000,166.17323000
1759909500000,121481.30000000,121597.06000000,121331.62000000,121597.06000000,142.78118000
1759910400000,121597.05000000,121812.78000000,121538.48000000,121563.03000000,244.15824000
1759911300000,121563.03000000,122000.00000000,121524.01000000,121916.41000000,337.31281000
1759912200000,121916.42000000,122821.25000000,121916.42000000,122821.24000000,673.24438000
1759913100000,122821.24000000,122850.00000000,122342.37000000,122381.85000000,207.63761000
1759914000000,122381.84000000,122644.00000000,122381.84000000,122561.77000000,159.71610000
1759914900000,122561.78000000,122620.55000000,122451.01000000,122531.86000000,102.42310000
1759915800000,122531.86000000,122584.00000000,122390.00000000,122463.72000000,154.52622000
1759916700000,122463.71000000,122516.99000000,122381.99000000,122516.98000000,57.49140000
1759917600000,122516.99000000,122808.24000000,122498.05000000,122560.51000000,103.12567000
1759918500000,122560.50000000,122705.42000000,122517.50000000,122608.00000000,101.77974000
1759919400000,122608.00000000,123100.00000000,122577.90000000,122974.02000000,300.19493000
1759920300000,122974.02000000,123012.33000000,122881.24000000,122934.60000000,149.19814000
1759921200000,122934.61000000,123200.00000000,122820.46000000,123123.30000000,157.96940000
1759922100000,123123.31000000,123150.01000000,122836.76000000,123020.69000000,355.97122000
1759923000000,123020.69000000,123100.01000000,122809.42000000,122811.21000000,229.82529000
1759923900000,122811.21000000,122915.07000000,122743.36000000,122884.14000000,74.16619000
1759924800000,122884.14000000,123090.75000000,122720.00000000,122990.92000000,181.18029000
1759925700000,122990.91000000,123033.07000000,122650.00000000,122756.76000000,117.23383000
1759926600000,122756.76000000,122756.77000000,122608.75000000,122670.21000000,90.56669000
1759927500000,122670.22000000,122730.36000000,122542.27000000,122631.52000000,75.28009000
1759928400000,122631.52000000,122774.96000000,122396.80000000,122648.50000000,128.16597000
1759929300000,122648.49000000,122718.70000000,122497.16000000,122497.16000000,69.11341000
1759930200000,122497.17000000,122694.80000000,121700.00000000,121898.24000000,428.38043000
1759931100000,121898.25000000,122660.22000000,121649.68000000,122599.04000000,261.23872000
1759932000000,122599.04000000,123350.00000000,122599.04000000,122825.01000000,719.85286000
1759932900000,122825.00000000,123092.12000000,122419.53000000,122590.73000000,218.63105000
1759933800000,122590.72000000,122856.03000000,122260.00000000,122484.63000000,275.35604000
1759934700000,122484.63000000,122624.67000000,122112.16000000,122320.00000000,248.90464000
1759935600000,122319.99000000,122622.55000000,122226.19000000,122489.21000000,140.63360000
1759936500000,122489.21000000,122550.29000000,122203.12000000,122448.01000000,127.98993000
1759937400000,122448.01000000,122450.01000000,122240.02000000,122355.54000000,94.25841000
1759938300000,122355.54000000,122355.55000000,121954.34000000,122189.72000000,196.58234000
1759939200000,122189.72000000,122726.51000000,122110.08000000,122726.51000000,153.06863000
1759940100000,122726.52000000,122926.48000000,122612.00000000,122672.51000000,163.90998000
1759941000000,122672.51000000,122740.00000000,122562.18000000,122711.97000000,110.14932000
1759941900000,122711.98000000,123129.23000000,122701.47000000,123051.03000000,214.81975000
1759942800000,123051.02000000,123669.93000000,122958.05000000,123669.93000000,459.49842000
1759943700000,123669.93000000,123982.37000000,123494.79000000,123792.35000000,435.41350000
1759944600000,123792.36000000,124032.08000000,123650.00000000,123774.81000000,249.13788000
1759945500000,123774.81000000,124164.36000000,123690.23000000,124033.19000000,192.41447000
1759946400000,124033.19000000,124197.25000000,123813.58000000,123870.77000000,261.12042000
1759947300000,123870.77000000,123880.86000000,123565.38000000,123615.28000000,236.45323000
1759948200000,123615.27000000,123794.60000000,123415.58000000,123564.95000000,379.55146000
1759949100000,123564.95000000,123826.34000000,123460.21000000,123460.22000000,275.23327000
1759950000000,123460.21000000,123524.48000000,123220.96000000,123260.00000000,154.31069000
1759950900000,123260.01000000,123657.48000000,123160.82000000,123638.22000000,163.87845000
1759951800000,123638.23000000,123759.94000000,123400.00000000,123432.01000000,168.04859000
1759952700000,123432.01000000,123586.01000000,123409.51000000,123450.00000000,178.52215000
1759953600000,123450.01000000,123517.25000000,123313.82000000,123495.97000000,100.85775000
1759954500000,123495.97000000,123737.00000000,123484.61000000,123563.37000000,107.58028000
1759955400000,123563.38000000,123565.38000000,123341.00000000,123361.82000000,74.17215000
1759956300000,123361.83000000,123385.45000000,122814.00000000,122856.69000000,390.99535000
1759957200000,122856.70000000,123162.85000000,122794.40000000,123093.21000000,117.31625000
1759958100000,123093.21000000,123317.62000000,123093.20000000,123279.46000000,61.14581000
1759959000000,123279.46000000,123332.01000000,123265.28000000,123332.01000000,40.80198000
1759959900000,123332.00000000,123332.01000000,123181.75000000,123277.33000000,42.67325000
1759960800000,123277.34000000,123416.73000000,123277.34000000,123354.71000000,47.32868000
1759961700000,123354.70000000,123400.68000000,123279.64000000,123290.96000000,34.57886000
1759962600000,123290.97000000,123355.06000000,123290.96000000,123314.44000000,25.36719000
1759963500000,123314.44000000,123330.03000000,123200.81000000,123200.82000000,24.97846000
1759964400000,123200.82000000,123200.82000000,123056.31000000,123140.00000000,64.29516000
1759965300000,123140.00000000,123478.25000000,123139.99000000,123478.25000000,73.26378000
1759966200000,123478.26000000,123537.11000000,123350.00000000,123350.00000000,88.95432000
1759967100000,123350.01000000,123369.72000000,123304.47000000,123306.00000000,63.04208000
1759968000000,123306.01000000,123348.32000000,123030.02000000,123118.56000000,66.67470000
1759968900000,123118.57000000,123269.82000000,123051.84000000,123062.25000000,67.00032000
1759969800000,123062.25000000,123109.80000000,122873.92000000,122963.93000000,101.05938000
1759970700000,122963.93000000,123112.31000000,122839.15000000,122839.15000000,148.45470000
1759971600000,122839.16000000,122857.32000000,122583.00000000,122625.73000000,149.42106000
1759972500000,122625.72000000,122769.96000000,122515.44000000,122525.48000000,161.12143000
1759973400000,122525.48000000,122525.49000000,122339.41000000,122339.42000000,148.79366000
1759974300000,122339.42000000,122562.40000000,122339.41000000,122548.23000000,190.22744000
1759975200000,122548.23000000,122548.23000000,122053.75000000,122267.01000000,201.84738000
1759976100000,122267.02000000,122319.24000000,121954.74000000,121994.82000000,138.82989000
1759977000000,121994.82000000,122116.37000000,121594.85000000,121679.45000000,219.98028000
1759977900000,121679.45000000,121807.22000000,121475.98000000,121617.81000000,271.19813000
1759978800000,121617.81000000,121961.39000000,121603.59000000,121818.55000000,185.34856000
1759979700000,121818.54000000,122120.28000000,121818.54000000,121969.04000000,121.49936000
1759980600000,121969.05000000,122073.63000000,121897.74000000,121897.75000000,83.50162000
1759981500000,121897.75000000,122049.26000000,121897.74000000,122038.01000000,64.22048000
1759982400000,122038.01000000,122100.00000000,121904.81000000,121915.39000000,111.85294000
1759983300000,121915.40000000,122264.00000000,121915.39000000,122236.27000000,89.22244000
1759984200000,122236.26000000,122236.27000000,122011.04000000,122028.99000000,67.50870000
1759985100000,122029.00000000,122174.99000000,122028.57000000,122144.70000000,59.88918000
1759986000000,122144.70000000,122196.99000000,121915.98000000,121915.99000000,81.33961000
1759986900000,121915.99000000,122042.43000000,121878.99000000,122010.24000000,112.89201000
1759987800000,122010.25000000,122127.21000000,121823.94000000,121954.29000000,145.58033000
1759988700000,121954.29000000,122136.99000000,121902.07000000,122100.92000000,54.93580000
1759989600000,122100.92000000,122119.65000000,121913.58000000,121945.56000000,81.69261000
1759990500000,121945.56000000,122144.40000000,121883.43000000,122096.40000000,74.85675000
1759991400000,122096.41000000,122185.98000000,122042.01000000,122112.20000000,48.54922000
1759992300000,122112.20000000,122163.33000000,121894.00000000,121957.32000000,131.30580000
1759993200000,121957.32000000,122064.00000000,121941.73000000,121978.70000000,88.56006000
1759994100000,121978.70000000,122067.61000000,121808.85000000,121876.39000000,94.73595000
1759995000000,121876.39000000,121893.59000000,121737.08000000,121737.09000000,96.56451000
1759995900000,121737.09000000,121992.38000000,121724.71000000,121906.10000000,111.66199000
1759996800000,121906.09000000,121960.97000000,121685.69000000,121734.21000000,129.41313000
1759997700000,121734.20000000,121734.21000000,121179.95000000,121180.00000000,332.24599000
1759998600000,121180.00000000,121612.00000000,121168.13000000,121330.12000000,276.02749000
1759999500000,121330.12000000,121508.57000000,121145.49000000,121261.62000000,213.55551000
1760000400000,121261.62000000,121671.24000000,121261.62000000,121594.87000000,143.83261000
1760001300000,121594.86000000,121758.00000000,121517.79000000,121699.86000000,133.61442000
1760002200000,121699.87000000,121820.84000000,121662.79000000,121672.09000000,83.17641000
1760003100000,121672.10000000,121855.44000000,121604.85000000,121813.04000000,134.93269000
1760004000000,121813.04000000,121900.00000000,121751.14000000,121866.99000000,56.43253000
1760004900000,121866.99000000,121881.96000000,121650.22000000,121736.35000000,77.87980000
1760005800000,121736.35000000,122314.37000000,121736.34000000,122230.43000000,198.28276000
1760006700000,122230.43000000,122340.00000000,122098.08000000,122170.27000000,130.02858000
1760007600000,122170.26000000,122367.25000000,122170.26000000,122246.81000000,154.62759000
1760008500000,122246.82000000,122767.64000000,122246.81000000,122680.97000000,346.07513000
1760009400000,122680.96000000,122833.02000000,122596.72000000,122825.11000000,167.34574000
1760010300000,122825.11000000,122825.12000000,122683.41000000,122737.57000000,111.97068000
1760011200000,122737.56000000,123125.48000000,122709.10000000,123005.43000000,303.05879000
1760012100000,123005.43000000,123136.41000000,122954.74000000,123012.31000000,166.51924000
1760013000000,123012.31000000,123762.94000000,122933.22000000,123548.79000000,727.43585000
1760013900000,123548.79000000,123652.24000000,123321.45000000,123563.38000000,286.29897000
1760014800000,123563.38000000,123658.38000000,123183.42000000,123233.68000000,258.63421000
1760015700000,123233.69000000,123500.00000000,123203.27000000,123461.86000000,156.53558000
1760016600000,123461.85000000,123461.86000000,122576.26000000,122756.00000000,334.24952000
1760017500000,122755.99000000,123083.85000000,122277.76000000,122415.74000000,483.71322000
1760018400000,122415.74000000,122608.00000000,121774.36000000,122448.49000000,689.57951000
1760019300000,122448.49000000,122515.36000000,121536.18000000,121690.27000000,547.24776000
1760020200000,121690.27000000,121822.56000000,121259.00000000,121270.44000000,510.99235000
1760021100000,121270.44000000,121463.63000000,120736.96000000,121315.00000000,865.62257000
1760022000000,121315.01000000,121734.27000000,121300.00000000,121346.25000000,294.94252000
1760022900000,121346.26000000,121417.23000000,121020.83000000,121045.29000000,241.91418000
1760023800000,121045.29000000,121060.66000000,120772.14000000,120790.00000000,319.75012000
1760024700000,120790.00000000,121280.00000000,120673.99000000,121147.14000000,379.56761000
1760025600000,121147.15000000,121401.88000000,121140.54000000,121246.07000000,203.25869000
1760026500000,121246.07000000,121481.90000000,121056.68000000,121250.00000000,334.12566000
1760027400000,121250.00000000,121308.98000000,120590.00000000,120815.97000000,483.72641000
1760028300000,120815.97000000,120877.14000000,119707.29000000,119819.77000000,1810.31782000
1760029200000,119819.76000000,120369.00000000,119651.47000000,120261.36000000,656.86097000
1760030100000,120261.37000000,120520.85000000,120128.23000000,120259.08000000,376.86712000
1760031000000,120259.08000000,120609.66000000,120246.67000000,120461.87000000,302.28638000
1760031900000,120461.86000000,121046.15000000,120417.96000000,120974.00000000,335.38350000
1760032800000,120971.22000000,121100.00000000,120678.77000000,120762.60000000,286.58316000
1760033700000,120762.60000000,120917.99000000,120557.95000000,120696.90000000,275.38907000
1760034600000,120696.90000000,120702.32000000,120396.00000000,120595.63000000,228.21302000
1760035500000,120595.63000000,120717.96000000,120496.09000000,120649.32000000,166.12479000
1760036400000,120649.33000000,120953.54000000,120649.32000000,120939.58000000,172.06140000
1760037300000,120939.58000000,121107.88000000,120826.53000000,121099.99000000,185.44852000
1760038200000,121100.00000000,121108.12000000,120810.34000000,120846.00000000,185.47838000
1760039100000,120846.00000000,121055.72000000,120838.76000000,120951.72000000,171.93480000
1760040000000,120951.72000000,121146.00000000,120854.00000000,120854.00000000,220.15408000
1760040900000,120854.00000000,120966.00000000,120838.00000000,120870.23000000,128.42942000
1760041800000,120870.23000000,121000.00000000,120870.23000000,121000.00000000,88.28105000
1760042700000,121000.00000000,121199.97000000,120913.18000000,121109.09000000,306.80641000
1760043600000,121109.08000000,121389.24000000,121065.77000000,121370.75000000,127.07952000
1760044500000,121370.76000000,121490.00000000,121301.22000000,121333.76000000,80.72766000
1760045400000,121333.76000000,121512.70000000,121251.69000000,121444.82000000,124.40052000
1760046300000,121444.82000000,121493.75000000,121324.67000000,121461.02000000,104.01536000
1760047200000,121461.03000000,121528.46000000,121411.55000000,121477.15000000,72.62193000
1760048100000,121477.15000000,121599.00000000,121465.02000000,121544.05000000,142.39635000
1760049000000,121544.04000000,121680.00000000,121478.25000000,121673.76000000,106.14603000
1760049900000,121673.77000000,121768.01000000,121653.09000000,121686.19000000,146.81936000
1760050800000,121686.19000000,121686.19000000,121436.47000000,121460.13000000,153.35440000
1760051700000,121460.13000000,121536.00000000,121341.22000000,121506.90000000,135.64553000
1760052600000,121506.90000000,121525.64000000,121426.07000000,121525.63000000,60.28918000
1760053500000,121525.63000000,121900.00000000,121504.26000000,121662.40000000,362.30423000
1760054400000,121662.41000000,121754.34000000,121595.75000000,121646.98000000,94.09338000
1760055300000,121646.99000000,121863.74000000,121646.99000000,121863.74000000,80.41182000
1760056200000,121863.74000000,121863.74000000,121702.06000000,121702.07000000,48.88791000
1760057100000,121702.07000000,121789.70000000,121611.59000000,121745.27000000,69.51048000
1760058000000,121745.26000000,121874.13000000,121731.35000000,121799.99000000,68.81180000
1760058900000,121799.99000000,121811.71000000,121639.89000000,121811.70000000,110.73447000
1760059800000,121811.71000000,121811.95000000,121489.06000000,121565.47000000,94.60162000
1760060700000,121565.47000000,121712.99000000,121539.82000000,121623.97000000,79.13569000
1760061600000,121623.96000000,121651.33000000,121227.23000000,121272.50000000,239.17874000
1760062500000,121272.50000000,121401.21000000,121242.01000000,121349.64000000,86.81548000
1760063400000,121349.65000000,121367.04000000,121066.55000000,121220.95000000,204.31662000
1760064300000,121220.96000000,121277.20000000,120900.00000000,121059.73000000,281.94034000
1760065200000,121059.73000000,121108.22000000,120909.15000000,121092.03000000,133.96251000
1760066100000,121092.03000000,121454.00000000,121092.02000000,121438.91000000,214.55705000
1760067000000,121438.91000000,121524.52000000,121430.75000000,121502.21000000,102.46779000
1760067900000,121502.21000000,121575.99000000,121026.00000000,121026.01000000,185.25575000
1760068800000,121026.00000000,121388.58000000,121018.33000000,121370.48000000,145.52054000
1760069700000,121370.48000000,121370.48000000,121174.31000000,121288.07000000,93.36011000
1760070600000,121288.07000000,121357.98000000,121066.65000000,121152.69000000,130.94474000
1760071500000,121152.68000000,121281.03000000,121125.28000000,121234.51000000,110.34839000
1760072400000,121234.52000000,121234.52000000,120986.08000000,121104.32000000,151.15817000
1760073300000,121104.33000000,121500.00000000,121086.45000000,121370.87000000,113.98273000
1760074200000,121370.88000000,121438.91000000,121204.43000000,121437.69000000,128.95722000
1760075100000,121437.68000000,121604.49000000,121437.68000000,121583.89000000,109.19760000
1760076000000,121583.89000000,121754.34000000,121550.91000000,121575.42000000,136.11027000
1760076900000,121575.43000000,121679.98000000,121512.18000000,121526.88000000,97.50727000
1760077800000,121526.88000000,121747.58000000,121469.43000000,121662.17000000,337.41755000
1760078700000,121662.17000000,121741.63000000,121265.26000000,121378.18000000,116.83068000
1760079600000,121378.19000000,121378.19000000,121204.25000000,121280.10000000,81.15766000
1760080500000,121280.10000000,121388.61000000,121216.62000000,121313.56000000,142.03854000
1760081400000,121313.56000000,121345.43000000,121096.36000000,121119.39000000,316.75865000
1760082300000,121119.38000000,121129.38000000,120855.41000000,120932.05000000,355.25967000
1760083200000,120932.05000000,121188.00000000,120916.44000000,121159.38000000,160.19676000
1760084100000,121159.38000000,121316.03000000,121159.37000000,121279.89000000,64.03158000
1760085000000,121279.89000000,121344.90000000,121218.66000000,121278.68000000,84.83918000
1760085900000,121278.68000000,121660.43000000,121278.68000000,121631.54000000,124.04548000
1760086800000,121631.54000000,121660.43000000,121507.68000000,121515.80000000,119.19523000
1760087700000,121515.80000000,121777.07000000,121480.67000000,121754.33000000,102.01380000
1760088600000,121754.33000000,121764.38000000,121655.28000000,121694.25000000,78.84703000
1760089500000,121694.25000000,121738.87000000,121276.56000000,121314.73000000,173.29412000
1760090400000,121314.73000000,121406.55000000,121312.31000000,121339.42000000,53.11504000
1760091300000,121339.42000000,121480.02000000,121320.31000000,121334.00000000,43.90519000
1760092200000,121334.00000000,121399.55000000,121228.83000000,121319.01000000,96.96470000
1760093100000,121319.01000000,121543.59000000,121289.02000000,121496.33000000,95.72131000
1760094000000,121496.34000000,121661.62000000,121496.33000000,121534.00000000,110.49782000
1760094900000,121534.01000000,121570.00000000,121424.50000000,121449.81000000,66.21768000
1760095800000,121449.82000000,121571.90000000,121449.81000000,121530.57000000,85.03293000
1760096700000,121530.56000000,121637.98000000,121458.02000000,121554.55000000,95.91909000
1760097600000,121554.55000000,121682.42000000,121462.85000000,121477.75000000,100.77055000
1760098500000,121477.75000000,121568.93000000,121452.73000000,121544.40000000,43.49502000
1760099400000,121544.40000000,121584.77000000,121420.00000000,121475.74000000,82.89730000
1760100300000,121475.74000000,121612.09000000,121475.74000000,121597.21000000,61.16498000
1760101200000,121597.22000000,121927.81000000,121597.21000000,121813.29000000,188.36507000
1760102100000,121813.29000000,122060.99000000,121696.05000000,121975.32000000,290.75692000
1760103000000,121975.31000000,122550.00000000,121791.75000000,122259.02000000,523.41958000
1760103900000,122259.01000000,122308.01000000,121384.60000000,121684.20000000,450.22850000
1760104800000,121684.18000000,122069.76000000,121470.49000000,121678.21000000,296.04502000
1760105700000,121678.20000000,121704.66000000,121148.50000000,121215.01000000,329.33360000
1760106600000,121215.01000000,121453.68000000,121182.13000000,121348.69000000,186.55866000
1760107500000,121348.69000000,121407.45000000,120479.20000000,120493.17000000,523.86760000
1760108400000,120493.16000000,120626.55000000,119931.00000000,120424.29000000,1030.93837000
1760109300000,120424.29000000,120497.96000000,119250.00000000,119252.86000000,1328.20267000
1760110200000,119252.86000000,119576.25000000,118500.00000000,119570.69000000,1723.74420000
1760111100000,119570.70000000,119600.00000000,118860.60000000,119018.98000000,607.80449000
1760112000000,119018.99000000,119243.69000000,118666.22000000,118942.59000000,494.38777000
1760112900000,118942.60000000,119248.84000000,118576.00000000,119068.86000000,433.58328000
1760113800000,119068.87000000,119456.28000000,118828.98000000,118882.69000000,362.35795000
1760114700000,118882.69000000,118897.27000000,118205.60000000,118205.61000000,784.11386000
1760115600000,118205.61000000,118427.51000000,117659.92000000,117906.50000000,1035.56070000
1760116500000,117906.50000000,118256.19000000,117735.55000000,118150.75000000,399.87181000
1760117400000,118150.74000000,118190.30000000,117786.72000000,117846.11000000,296.81016000
1760118300000,117846.11000000,117926.00000000,117579.79000000,117623.80000000,465.69252000
1760119200000,117623.80000000,117800.75000000,117515.00000000,117653.19000000,437.24279000
1760120100000,117653.20000000,117851.50000000,117527.34000000,117612.26000000,337.99507000
1760121000000,117612.26000000,117699.40000000,117414.45000000,117462.63000000,368.19624000
1760121900000,117462.62000000,117643.06000000,117237.00000000,117237.70000000,305.31910000
1760122800000,117237.70000000,117341.92000000,116720.80000000,116827.40000000,709.86610000
1760123700000,116827.40000000,116937.21000000,115952.47000000,116040.38000000,1034.66522000
1760124600000,116040.38000000,116990.00000000,116000.00000000,116923.96000000,616.31996000
1760125500000,116923.96000000,117104.42000000,116574.59000000,116661.50000000,372.56174000
1760126400000,116661.50000000,116899.43000000,116573.38000000,116780.01000000,276.25773000
1760127300000,116780.01000000,117165.32000000,116684.75000000,117065.91000000,171.22053000
1760128200000,117065.91000000,117214.64000000,116791.12000000,117034.61000000,267.93451000
1760129100000,117034.61000000,117098.11000000,113039.00000000,114266.82000000,3739.14759000
1760130000000,114266.82000000,115112.69000000,109880.00000000,112209.36000000,4623.85638000
1760130900000,112209.36000000,112510.92000000,102000.00000000,108432.09000000,10067.89134000
1760131800000,108432.09000000,112660.64000000,107796.51000000,110809.05000000,4338.40868000
1760132700000,110809.05000000,113973.00000000,110271.15000000,113451.86000000,3902.47394000
1760133600000,113451.87000000,113798.23000000,110879.69000000,113688.22000000,2925.04322000
1760134500000,113688.22000000,113799.00000000,112000.00000000,112360.83000000,2307.23021000
1760135400000,112360.83000000,113306.82000000,112054.45000000,113172.34000000,1944.82565000
1760136300000,113172.35000000,114109.03000000,113168.57000000,113700.00000000,2193.07540000
1760137200000,113700.00000000,113851.84000000,112770.00000000,113050.99000000,1097.46572000
1760138100000,113050.99000000,113850.00000000,112820.01000000,113771.80000000,1241.08502000
1760139000000,113771.79000000,114807.41000000,113569.50000000,114617.32000000,1343.97480000
1760139900000,114617.33000000,114637.73000000,112652.76000000,112774.50000000,1294.84357000
1760140800000,112774.49000000,113000.00000000,112228.17000000,112344.76000000,1254.10261000
1760141700000,112344.76000000,112460.00000000,111620.30000000,112451.53000000,1113.88002000
1760142600000,112451.53000000,112680.00000000,112092.90000000,112640.04000000,640.11785000
1760143500000,112640.04000000,113178.66000000,112514.57000000,112514.58000000,612.22830000
1760144400000,112514.57000000,112530.01000000,111950.00000000,111951.38000000,534.79022000
1760145300000,111951.37000000,112021.86000000,111166.20000000,111260.89000000,912.59766000
1760146200000,111260.90000000,111960.88000000,111163.65000000,111245.34000000,651.96673000
1760147100000,111245.34000000,111608.69000000,111019.43000000,111095.37000000,697.07142000
1760148000000,111095.38000000,112013.98000000,111082.00000000,111949.01000000,864.07244000
1760148900000,111949.01000000,112434.59000000,111877.00000000,112180.24000000,675.27145000
1760149800000,112180.23000000,113232.21000000,112168.25000000,113172.58000000,744.60623000
1760150700000,113172.58000000,113297.92000000,112972.97000000,113196.48000000,642.60867000
1760151600000,113196.48000000,113322.39000000,112113.33000000,112360.39000000,739.56954000
1760152500000,112360.40000000,112418.65000000,111863.04000000,111880.26000000,541.41450000
1760153400000,111880.25000000,112187.67000000,111800.00000000,111880.48000000,475.51136000
1760154300000,111880.49000000,112401.85000000,111834.48000000,112300.01000000,433.71769000
1760155200000,112300.00000000,112512.82000000,112065.62000000,112436.59000000,324.77170000
1760156100000,112436.59000000,112591.61000000,112077.43000000,112274.66000000,283.85062000
1760157000000,112274.67000000,112294.94000000,111700.00000000,112110.48000000,359.26178000
1760157900000,112110.48000000,112991.16000000,111951.59000000,112945.79000000,478.85527000
1760158800000,112945.79000000,112945.79000000,112572.39000000,112660.40000000,250.12483000
1760159700000,112660.40000000,112682.39000000,111992.85000000,112016.36000000,446.70700000
1760160600000,112016.36000000,112249.86000000,112000.76000000,112034.01000000,249.64796000
1760161500000,112034.01000000,112516.88000000,112034.00000000,112389.48000000,310.39031000
1760162400000,112389.48000000,112610.37000000,112134.02000000,112366.16000000,245.44487000
1760163300000,112366.16000000,112753.91000000,112322.14000000,112676.56000000,291.76155000
1760164200000,112676.56000000,112676.56000000,112090.01000000,112149.71000000,316.44826000
1760165100000,112149.71000000,112311.05000000,112000.00000000,112045.99000000,354.98536000
1760166000000,112046.00000000,112084.61000000,111000.00000000,111397.90000000,921.66671000
1760166900000,111397.90000000,111397.90000000,110683.60000000,110754.18000000,925.69877000
1760167800000,110754.18000000,110999.99000000,110501.78000000,110632.88000000,632.46676000
1760168700000,110632.89000000,110672.60000000,110090.29000000,110384.61000000,750.68097000
1760169600000,110384.60000000,110510.88000000,110162.23000000,110274.46000000,482.79688000
1760170500000,110274.46000000,111111.11000000,110267.92000000,110949.22000000,669.39360000
1760171400000,110949.22000000,111300.00000000,110731.66000000,111242.26000000,412.87350000
1760172300000,111242.27000000,111535.29000000,111242.26000000,111328.38000000,416.13296000
1760173200000,111328.38000000,111682.68000000,111274.41000000,111550.16000000,416.88362000
1760174100000,111550.15000000,111796.24000000,111451.99000000,111757.95000000,441.72969000
1760175000000,111757.95000000,111887.19000000,111497.55000000,111823.15000000,424.16229000
1760175900000,111823.16000000,111840.17000000,111590.65000000,111642.78000000,344.50800000
1760176800000,111642.78000000,111964.60000000,111621.77000000,111894.67000000,280.48706000
1760177700000,111894.67000000,112204.64000000,111750.01000000,112197.42000000,538.36550000
1760178600000,112197.42000000,112271.34000000,111955.58000000,112027.74000000,375.88988000
1760179500000,112027.74000000,112189.49000000,112000.29000000,112114.64000000,156.00946000
1760180400000,112114.63000000,112152.12000000,111908.75000000,112034.00000000,193.84007000
1760181300000,112033.99000000,112350.00000000,111700.00000000,112350.00000000,383.56908000
1760182200000,112350.00000000,112354.59000000,112184.87000000,112337.21000000,234.71329000
1760183100000,112337.20000000,112359.67000000,112114.50000000,112280.00000000,157.78504000
1760184000000,112280.01000000,112314.84000000,112037.98000000,112107.25000000,320.10754000
1760184900000,112107.26000000,112466.66000000,112081.86000000,112466.66000000,194.15397000
1760185800000,112466.65000000,112466.66000000,112205.02000000,112291.81000000,211.14110000
1760186700000,112294.27000000,112388.91000000,112164.95000000,112380.14000000,272.15452000
1760187600000,112380.13000000,112500.00000000,112172.57000000,112499.99000000,209.48644000
1760188500000,112500.00000000,112500.00000000,112294.99000000,112345.98000000,178.89745000
1760189400000,112345.99000000,112377.06000000,111890.33000000,112180.95000000,303.80312000
1760190300000,112180.94000000,112340.00000000,112088.92000000,112267.86000000,281.29830000
1760191200000,112267.86000000,112342.11000000,112148.26000000,112205.97000000,152.49084000
1760192100000,112205.97000000,112291.31000000,111964.11000000,112039.41000000,231.69421000
1760193000000,112039.42000000,112200.00000000,111941.96000000,112070.37000000,218.22149000
1760193900000,112070.37000000,112093.30000000,111890.29000000,111991.97000000,456.14598000
1760194800000,111991.97000000,112385.93000000,111961.86000000,112282.58000000,177.44879000
1760195700000,112282.57000000,112366.01000000,112204.89000000,112204.91000000,134.20639000
1760196600000,112204.90000000,112228.40000000,111939.84000000,111939.85000000,142.60886000
1760197500000,111939.85000000,112069.98000000,111793.20000000,111793.20000000,197.38451000
1760198400000,111793.21000000,112089.92000000,111793.20000000,112059.61000000,188.78853000
1760199300000,112059.62000000,112063.32000000,111793.20000000,111806.29000000,179.05205000
1760200200000,111806.29000000,111849.42000000,111442.91000000,111516.51000000,279.88327000
1760201100000,111516.52000000,111897.89000000,111459.90000000,111846.18000000,186.85303000
1760202000000,111846.18000000,112061.29000000,111715.99000000,112056.94000000,162.79205000
1760202900000,112056.94000000,112185.53000000,112030.50000000,112122.69000000,192.18584000
1760203800000,112122.69000000,112181.46000000,111974.27000000,112049.98000000,102.95925000
1760204700000,112049.99000000,112096.00000000,111853.90000000,112005.57000000,220.78837000
1760205600000,112005.56000000,112025.40000000,111840.81000000,111895.99000000,106.15435000
1760206500000,111895.99000000,111969.24000000,111836.45000000,111894.49000000,74.51838000
1760207400000,111894.49000000,111963.64000000,111861.06000000,111918.82000000,62.76130000
1760208300000,111918.81000000,111961.70000000,111863.05000000,111955.27000000,49.35545000
1760209200000,111955.27000000,112025.40000000,111287.62000000,111570.50000000,396.87111000
1760210100000,111570.50000000,111625.87000000,111000.00000000,111391.55000000,408.66099000
1760211000000,111391.54000000,111422.64000000,111030.98000000,111060.48000000,237.85004000
1760211900000,111060.47000000,111205.70000000,110865.82000000,111178.31000000,289.43758000
1760212800000,111178.30000000,111368.29000000,110760.55000000,110869.93000000,359.81672000
1760213700000,110869.94000000,110943.14000000,110487.06000000,110619.08000000,292.59147000
1760214600000,110619.08000000,110631.27000000,110320.00000000,110348.05000000,294.02867000
1760215500000,110348.04000000,110832.00000000,109653.65000000,110244.98000000,806.10092000
1760216400000,110244.98000000,110366.26000000,109561.59000000,110039.99000000,482.30611000
1760217300000,110039.99000000,110866.61000000,109933.60000000,110802.96000000,376.66562000
1760218200000,110802.96000000,110974.86000000,110584.01000000,110696.53000000,134.19173000
1760219100000,110696.54000000,111000.00000000,110696.53000000,110893.54000000,106.25312000
1760220000000,110893.55000000,111056.00000000,110763.96000000,110948.38000000,185.51146000
1760220900000,110948.37000000,110982.20000000,110652.00000000,110928.87000000,132.23445000
1760221800000,110928.87000000,111291.61000000,110912.51000000,111100.92000000,146.49389000
1760222700000,111100.93000000,111204.00000000,111007.93000000,111043.27000000,106.85620000
1760223600000,111043.26000000,111114.46000000,110821.38000000,110898.54000000,150.34011000
1760224500000,110898.54000000,111009.61000000,110817.69000000,110949.88000000,104.87183000
1760225400000,110949.88000000,111000.00000000,110792.00000000,110844.81000000,125.67172000
1760226300000,110844.96000000,110890.00000000,110644.00000000,110644.40000000,218.99807000
1760227200000,110644.40000000,110685.63000000,110300.02000000,110328.70000000,206.55803000
1760228100000,110328.70000000,110498.66000000,109907.03000000,109924.92000000,362.21629000
1760229000000,109924.91000000,110472.02000000,109701.01000000,109742.33000000,345.76470000
1760229900000,109742.33000000,109910.74000000,109565.06000000,109641.54000000,257.01270000
1760230800000,109641.54000000,110043.88000000,109641.46000000,110030.46000000,278.20212000
1760231700000,110030.46000000,110123.85000000,109692.60000000,109963.63000000,345.55967000
1760232600000,109963.63000000,110239.23000000,109822.15000000,110007.18000000,331.87050000
1760233500000,110005.31000000,110318.01000000,109856.43000000,109978.56000000,249.77799000
1760234400000,109978.56000000,110283.19000000,109856.78000000,110140.50000000,280.38177000
1760235300000,110140.51000000,110528.34000000,110140.51000000,110447.44000000,191.68918000
1760236200000,110447.44000000,110708.89000000,109948.96000000,110243.85000000,237.54995000
1760237100000,110243.85000000,110247.34000000,109600.00000000,110119.02000000,337.42733000
1760238000000,110119.02000000,111368.14000000,110002.20000000,110708.30000000,627.13940000
1760238900000,110708.29000000,111092.00000000,110521.09000000,110960.34000000,358.20645000
1760239800000,110961.27000000,111230.16000000,110846.15000000,110954.70000000,255.56841000
1760240700000,110954.70000000,110954.70000000,110602.80000000,110676.00000000,120.65975000
1760241600000,110676.00000000,111075.16000000,110617.10000000,111075.16000000,153.31855000
1760242500000,111075.16000000,111216.43000000,111024.18000000,111131.38000000,145.15886000
1760243400000,111131.38000000,111538.46000000,111131.38000000,111500.59000000,204.75805000
1760244300000,111500.59000000,111957.14000000,111377.09000000,111524.87000000,384.58855000
1760245200000,111524.87000000,111524.88000000,111188.00000000,111296.75000000,172.26015000
1760246100000,111296.75000000,111583.93000000,111296.75000000,111583.92000000,81.41932000
1760247000000,111583.92000000,111631.01000000,111421.75000000,111539.14000000,101.81961000
1760247900000,111539.15000000,111816.04000000,111539.14000000,111700.38000000,182.01010000
1760248800000,111700.38000000,111845.00000000,111616.00000000,111835.94000000,133.00170000
1760249700000,111835.94000000,112125.51000000,111706.58000000,111933.62000000,249.79684000
1760250600000,111933.62000000,111933.63000000,111623.26000000,111730.31000000,245.90242000
1760251500000,111730.32000000,111906.15000000,111670.63000000,111686.01000000,135.34618000
1760252400000,111686.02000000,111781.37000000,111581.29000000,111581.29000000,107.36350000
1760253300000,111581.29000000,111933.85000000,111550.00000000,111616.39000000,227.37824000
1760254200000,111616.38000000,111733.15000000,111500.01000000,111584.69000000,111.89844000
1760255100000,111584.69000000,111680.00000000,111491.09000000,111525.20000000,95.27710000
1760256000000,111525.19000000,111713.74000000,111478.00000000,111514.04000000,139.15693000
1760256900000,111514.05000000,111798.99000000,111514.04000000,111762.09000000,104.96159000
1760257800000,111762.09000000,111762.09000000,111600.00000000,111600.01000000,128.40012000
1760258700000,111600.01000000,111624.12000000,111300.00000000,111310.90000000,200.98050000
1760259600000,111310.90000000,111310.90000000,111139.87000000,111200.52000000,131.30505000
1760260500000,111200.52000000,111423.14000000,111194.87000000,111388.99000000,91.03818000
1760261400000,111388.98000000,111620.36000000,111340.68000000,111620.35000000,108.48468000
1760262300000,111620.36000000,111920.01000000,111536.69000000,111837.04000000,265.21745000
1760263200000,111837.05000000,112026.63000000,111742.84000000,111851.24000000,212.53156000
1760264100000,111851.23000000,111857.30000000,111560.00000000,111613.99000000,112.23340000
1760265000000,111613.99000000,111639.81000000,111450.00000000,111584.69000000,104.69036000
1760265900000,111584.69000000,111720.08000000,111516.26000000,111651.64000000,107.52249000
1760266800000,111651.64000000,111906.15000000,111477.61000000,111863.78000000,238.88637000
1760267700000,111863.78000000,111863.78000000,111562.06000000,111740.00000000,164.43192000
1760268600000,111740.00000000,112133.33000000,111684.00000000,111985.00000000,547.97126000
1760269500000,111985.01000000,112015.14000000,111772.74000000,111848.36000000,153.00909000
1760270400000,111848.35000000,112250.00000000,111835.25000000,112134.48000000,226.67551000
1760271300000,112133.57000000,112160.79000000,111928.54000000,112004.64000000,331.56248000
1760272200000,112004.63000000,112034.13000000,111698.80000000,111838.41000000,284.43852000
1760273100000,111838.40000000,111838.41000000,111555.00000000,111789.60000000,171.87555000
1760274000000,111789.61000000,111934.51000000,111617.47000000,111928.53000000,135.17904000
1760274900000,111928.52000000,111933.53000000,111564.13000000,111677.06000000,152.99665000
1760275800000,111677.07000000,111819.28000000,111417.73000000,111818.31000000,561.15640000
1760276700000,111818.30000000,111837.94000000,111265.99000000,111297.52000000,314.48435000
1760277600000,111297.51000000,111498.12000000,111219.96000000,111416.49000000,147.82002000
1760278500000,111416.49000000,111541.71000000,111333.00000000,111481.26000000,87.61538000
1760279400000,111481.26000000,111493.39000000,111177.75000000,111399.68000000,135.62872000
1760280300000,111399.67000000,112990.90000000,111361.59000000,112338.10000000,2427.70688000
1760281200000,112338.11000000,113381.60000000,112078.00000000,113218.53000000,1469.14274000
1760282100000,113218.52000000,113745.84000000,112889.87000000,113169.49000000,1145.15895000
1760283000000,113169.49000000,113185.99000000,112400.00000000,112671.65000000,907.58586000
1760283900000,112671.65000000,113311.32000000,112671.64000000,113198.20000000,521.38959000
1760284800000,113198.20000000,114312.30000000,113198.20000000,113900.01000000,1585.59478000
1760285700000,113900.01000000,113936.08000000,113490.01000000,113649.78000000,527.20881000
1760286600000,113649.78000000,114284.00000000,113372.33000000,114243.06000000,517.55673000
1760287500000,114243.06000000,114700.00000000,113900.50000000,114069.35000000,970.20175000
1760288400000,114069.35000000,114466.94000000,113873.04000000,114317.15000000,462.08232000
1760289300000,114317.14000000,114453.25000000,114246.96000000,114336.93000000,317.94895000
1760290200000,114336.93000000,114399.47000000,114015.27000000,114334.04000000,344.53469000
1760291100000,114334.04000000,114364.21000000,113516.38000000,113799.99000000,489.77541000
1760292000000,113799.99000000,114236.87000000,113782.00000000,114046.61000000,250.79009000
1760292900000,114046.60000000,114177.38000000,113844.00000000,113894.18000000,177.16316000
1760293800000,113894.19000000,114017.41000000,113553.81000000,113621.81000000,240.76124000
1760294700000,113621.80000000,113905.09000000,113555.90000000,113878.93000000,149.21091000
1760295600000,113878.93000000,114362.01000000,113826.65000000,114347.29000000,170.82652000
1760296500000,114347.28000000,114390.97000000,114194.00000000,114289.99000000,127.12704000
1760297400000,114289.99000000,114396.69000000,114090.34000000,114176.89000000,102.78593000
1760298300000,114176.89000000,114365.41000000,114121.40000000,114342.28000000,201.78059000
1760299200000,114342.28000000,114806.05000000,114342.27000000,114602.16000000,397.87576000
1760300100000,114602.15000000,115357.10000000,114562.00000000,115230.89000000,488.57552000
1760301000000,115230.88000000,115468.65000000,114946.49000000,115105.33000000,606.36997000
1760301900000,115105.33000000,115291.35000000,114900.00000000,114927.97000000,324.54129000
1760302800000,114927.97000000,115600.00000000,114674.21000000,115361.13000000,556.99100000
1760303700000,115361.12000000,115403.14000000,114700.00000000,114953.14000000,395.43479000
1760304600000,114953.15000000,114957.47000000,114217.75000000,114622.81000000,431.16004000
1760305500000,114622.82000000,114950.71000000,114503.24000000,114882.06000000,228.07504000
1760306400000,114882.06000000,115770.00000000,114882.06000000,115374.57000000,712.69516000
1760307300000,115374.58000000,115607.06000000,115176.35000000,115233.74000000,502.88857000
1760308200000,115233.75000000,115408.24000000,115101.46000000,115389.99000000,282.01261000
1760309100000,115390.00000000,115536.83000000,115185.47000000,115221.40000000,245.79991000
1760310000000,115221.40000000,115250.01000000,114745.05000000,114892.21000000,473.25783000
1760310900000,114892.20000000,115322.00000000,114733.65000000,115245.25000000,234.85211000
1760311800000,115245.25000000,115350.80000000,114841.78000000,114963.15000000,168.34444000
1760312700000,114963.15000000,115144.57000000,114900.00000000,114958.80000000,222.96032000
1760313600000,114958.81000000,115241.48000000,114766.69000000,115239.22000000,433.94934000
1760314500000,115239.23000000,115888.00000000,115218.63000000,115218.63000000,553.92661000
1760315400000,115218.64000000,115225.99000000,114966.32000000,115136.36000000,271.19177000
1760316300000,115136.31000000,115482.43000000,114980.75000000,115280.84000000,221.16944000
1760317200000,115280.83000000,115396.68000000,115079.18000000,115180.00000000,283.22065000
1760318100000,115180.01000000,115654.62000000,115084.04000000,115602.00000000,255.05870000
1760319000000,115602.00000000,115750.00000000,115503.00000000,115671.06000000,176.56571000
1760319900000,115671.05000000,115746.10000000,115560.04000000,115713.32000000,99.65317000
1760320800000,115713.31000000,115963.81000000,115262.29000000,115327.95000000,318.99475000
1760321700000,115327.95000000,115360.00000000,115001.62000000,115210.69000000,224.25631000
1760322600000,115210.69000000,115427.93000000,115174.76000000,115323.06000000,201.53446000
1760323500000,115323.06000000,115475.34000000,115274.70000000,115319.97000000,238.05526000
1760324400000,115319.98000000,115613.70000000,115274.71000000,115471.15000000,184.64702000
1760325300000,115471.15000000,115471.15000000,115111.91000000,115157.11000000,142.69860000
1760326200000,115157.11000000,115215.16000000,114778.00000000,114864.42000000,318.37253000
1760327100000,114864.42000000,114890.00000000,114619.45000000,114821.12000000,200.31426000
1760328000000,114821.13000000,115000.00000000,114658.84000000,114728.09000000,168.55901000
1760328900000,114728.10000000,114856.62000000,114616.01000000,114651.46000000,179.00331000
1760329800000,114651.46000000,114999.99000000,114600.00000000,114616.31000000,337.50461000
1760330700000,114616.31000000,114722.46000000,114398.24000000,114708.15000000,400.94329000
1760331600000,114708.15000000,114766.74000000,114500.02000000,114740.01000000,115.16202000
1760332500000,114740.01000000,114834.70000000,114563.53000000,114713.83000000,101.85637000
1760333400000,114713.82000000,114736.24000000,114532.06000000,114582.26000000,437.97130000
1760334300000,114582.27000000,114683.86000000,114537.21000000,114611.82000000,179.98786000
1760335200000,114611.82000000,114840.00000000,114417.77000000,114780.11000000,124.45454000
1760336100000,114780.12000000,115123.71000000,114758.69000000,115099.99000000,203.62618000
1760337000000,115099.99000000,115379.84000000,114992.61000000,115002.72000000,142.98600000
1760337900000,115002.71000000,115290.44000000,114911.12000000,115221.22000000,128.34549000
1760338800000,115221.23000000,115485.80000000,115034.00000000,115399.66000000,192.69095000
1760339700000,115399.65000000,115552.01000000,115325.01000000,115493.80000000,140.43095000
1760340600000,115493.80000000,115554.83000000,115352.00000000,115429.93000000,269.84042000
1760341500000,115429.92000000,115429.93000000,115101.02000000,115399.67000000,313.65083000
1760342400000,115399.66000000,115415.64000000,115179.75000000,115320.72000000,203.26875000
1760343300000,115320.73000000,115401.77000000,115138.00000000,115290.70000000,119.54481000
1760344200000,115290.71000000,115427.00000000,115164.22000000,115212.11000000,167.89210000
1760345100000,115212.11000000,115438.17000000,115175.71000000,115254.23000000,154.14621000
1760346000000,115254.23000000,115254.23000000,114748.38000000,114801.34000000,539.53653000
1760346900000,114801.34000000,114995.11000000,114781.62000000,114950.00000000,267.67677000
1760347800000,114950.00000000,115169.64000000,114928.00000000,115113.08000000,118.52913000
1760348700000,115113.08000000,115199.58000000,115088.67000000,115127.04000000,111.82313000
1760349600000,115127.05000000,115162.00000000,114942.40000000,114986.55000000,214.53679000
1760350500000,114986.56000000,115051.50000000,114823.26000000,114884.69000000,226.84798000
1760351400000,114884.69000000,114937.27000000,114740.34000000,114794.43000000,348.68363000
1760352300000,114794.43000000,114970.85000000,114764.48000000,114810.62000000,106.61562000
1760353200000,114810.61000000,114810.61000000,114158.78000000,114550.00000000,839.58243000
1760354100000,114550.00000000,114604.63000000,113616.50000000,113643.33000000,472.86579000
1760355000000,113643.33000000,114206.00000000,113629.13000000,114082.25000000,510.34150000
1760355900000,114082.25000000,114380.00000000,113981.99000000,114180.00000000,158.97129000
1760356800000,114180.00000000,114473.13000000,113931.16000000,114377.05000000,265.67431000
1760357700000,114377.04000000,114377.05000000,114193.50000000,114353.92000000,152.92390000
1760358600000,114353.92000000,114665.97000000,114254.88000000,114521.39000000,516.73695000
1760359500000,114521.38000000,114748.97000000,114327.41000000,114412.26000000,274.13540000
1760360400000,114412.25000000,114704.10000000,114249.98000000,114372.06000000,299.73900000
1760361300000,114372.06000000,114548.00000000,114220.07000000,114345.70000000,190.85095000
1760362200000,114346.54000000,115530.00000000,114312.84000000,114952.06000000,935.81243000
1760363100000,114952.05000000,115400.00000000,114457.30000000,115345.79000000,388.79653000
1760364000000,115345.79000000,115476.18000000,114880.22000000,114965.27000000,408.58405000
1760364900000,114965.27000000,115072.58000000,114177.80000000,114318.48000000,393.01181000
1760365800000,114318.49000000,114800.00000000,113972.00000000,114547.00000000,331.77037000
1760366700000,114547.01000000,114608.74000000,113800.01000000,114036.63000000,301.51743000
1760367600000,114036.63000000,114600.00000000,113968.02000000,114418.31000000,245.25335000
1760368500000,114418.30000000,114584.87000000,114203.75000000,114259.37000000,229.75824000
1760369400000,114259.37000000,114545.11000000,114108.16000000,114174.85000000,319.40342000
1760370300000,114174.85000000,114727.95000000,114174.85000000,114312.10000000,284.16073000
1760371200000,114312.09000000,115174.00000000,114270.89000000,114912.79000000,350.84225000
1760372100000,114912.80000000,114960.00000000,114388.74000000,114457.27000000,324.52763000
1760373000000,114457.27000000,114580.00000000,114353.17000000,114392.02000000,165.20954000
1760373900000,114392.01000000,114800.00000000,114363.47000000,114669.24000000,144.46320000
1760374800000,114669.25000000,114985.56000000,114458.36000000,114575.17000000,187.12098000
1760375700000,114575.17000000,114685.66000000,114458.36000000,114546.00000000,112.58703000
1760376600000,114546.00000000,114698.00000000,114420.40000000,114458.37000000,134.73481000
1760377500000,114458.36000000,115053.43000000,114215.79000000,115040.55000000,235.45774000
1760378400000,115040.55000000,115090.99000000,114710.00000000,114751.33000000,217.32175000
1760379300000,114751.32000000,115311.39000000,114751.32000000,115258.40000000,240.47508000
1760380200000,115258.39000000,115377.48000000,114977.58000000,115205.07000000,145.74306000
1760381100000,115205.06000000,115279.28000000,115011.72000000,115160.63000000,121.38245000
1760382000000,115160.63000000,115268.95000000,115070.00000000,115268.95000000,165.10797000
1760382900000,115268.94000000,115730.00000000,115210.82000000,115602.30000000,329.40549000
1760383800000,115602.30000000,115729.31000000,115485.75000000,115700.05000000,147.87536000
1760384700000,115700.04000000,115891.30000000,115596.52000000,115792.84000000,346.66867000
1760385600000,115792.84000000,115868.00000000,115542.72000000,115650.17000000,140.12635000
1760386500000,115650.17000000,115676.30000000,115485.76000000,115493.17000000,90.21250000
1760387400000,115493.17000000,115560.00000000,115400.00000000,115456.30000000,87.71769000
1760388300000,115456.29000000,115739.96000000,115456.29000000,115713.37000000,101.30100000
1760389200000,115713.37000000,115786.04000000,115564.00000000,115635.94000000,72.41154000
1760390100000,115635.93000000,115785.01000000,115553.33000000,115632.35000000,79.62838000
1760391000000,115632.36000000,115693.25000000,115620.00000000,115621.78000000,41.50086000
1760391900000,115621.79000000,115700.00000000,115605.70000000,115700.00000000,28.23752000
1760392800000,115700.00000000,115835.04000000,115680.00000000,115741.08000000,121.61801000
1760393700000,115741.09000000,115784.92000000,115583.03000000,115583.04000000,70.14255000
1760394600000,115583.03000000,115602.39000000,115442.67000000,115559.62000000,79.10657000
1760395500000,115559.62000000,115585.21000000,115465.53000000,115507.19000000,62.08309000
1760396400000,115507.20000000,115507.20000000,115308.00000000,115347.94000000,125.64395000
1760397300000,115347.94000000,115437.42000000,115323.11000000,115388.11000000,88.93556000
1760398200000,115388.10000000,115432.88000000,115094.57000000,115185.68000000,174.29776000
1760399100000,115185.68000000,115208.38000000,115005.44000000,115166.00000000,165.74095000
1760400000000,115166.00000000,115226.16000000,115049.16000000,115226.15000000,165.71874000
1760400900000,115226.15000000,115378.00000000,115151.00000000,115209.22000000,191.53871000
1760401800000,115209.21000000,115409.96000000,115093.92000000,115165.99000000,183.94865000
1760402700000,115165.99000000,115165.99000000,114871.93000000,114959.03000000,217.83363000
1760403600000,114959.02000000,114991.99000000,114542.00000000,114675.12000000,280.90922000
1760404500000,114675.13000000,114771.83000000,114523.33000000,114565.07000000,157.80249000
1760405400000,114565.07000000,114593.58000000,114464.20000000,114519.44000000,101.89956000
1760406300000,114519.44000000,114519.44000000,114137.93000000,114274.57000000,164.70797000
1760407200000,114274.57000000,114298.08000000,114090.50000000,114093.98000000,117.31602000
1760408100000,114093.97000000,114140.89000000,113900.51000000,114013.98000000,221.39092000
1760409000000,114013.97000000,114115.09000000,113790.00000000,113860.51000000,150.26921000
1760409900000,113860.51000000,113971.43000000,113647.05000000,113647.05000000,362.42460000
1760410800000,113647.05000000,113657.55000000,113279.76000000,113500.82000000,668.14118000
1760411700000,113500.82000000,113697.64000000,113306.75000000,113329.53000000,228.15484000
1760412600000,113329.53000000,113530.62000000,113319.02000000,113497.22000000,99.51003000
1760413500000,113497.22000000,113700.00000000,113436.00000000,113500.00000000,145.27884000
1760414400000,113500.00000000,113599.99000000,113225.68000000,113430.01000000,228.07071000
1760415300000,113430.01000000,113547.61000000,113282.00000000,113495.90000000,177.80251000
1760416200000,113495.89000000,113496.75000000,113104.38000000,113181.64000000,198.60177000
1760417100000,113181.65000000,113188.63000000,112787.00000000,113062.09000000,585.42942000
1760418000000,113062.09000000,113691.00000000,112994.54000000,113517.56000000,479.24274000
1760418900000,113517.56000000,113548.00000000,112994.29000000,113031.91000000,357.83158000
1760419800000,113031.92000000,113116.78000000,112390.00000000,112492.48000000,667.77881000
1760420700000,112492.48000000,112699.79000000,112390.00000000,112493.11000000,291.40932000
1760421600000,112493.10000000,112699.21000000,112464.14000000,112552.85000000,265.76143000
1760422500000,112551.70000000,112555.91000000,112260.09000000,112282.32000000,323.31728000
1760423400000,112282.33000000,112435.61000000,111803.37000000,111837.38000000,559.18407000
1760424300000,111837.38000000,112155.20000000,111355.01000000,111987.38000000,705.41779000
1760425200000,111987.39000000,112156.89000000,111679.76000000,111948.01000000,271.92787000
1760426100000,111948.00000000,112194.00000000,111802.63000000,112079.14000000,235.73799000
1760427000000,112079.14000000,112090.75000000,111508.14000000,111668.97000000,579.67388000
1760427900000,111668.98000000,111770.00000000,111445.72000000,111724.41000000,359.11198000
1760428800000,111724.41000000,111904.99000000,111513.63000000,111884.76000000,340.95687000
1760429700000,111884.76000000,112000.00000000,111647.70000000,111973.10000000,242.45118000
1760430600000,111972.90000000,112140.00000000,111903.92000000,112081.87000000,202.85024000
1760431500000,112081.87000000,112112.29000000,111735.47000000,111803.33000000,193.62592000
1760432400000,111803.33000000,112000.00000000,111752.79000000,111774.34000000,132.24224000
1760433300000,111774.34000000,111897.76000000,111624.62000000,111767.91000000,160.76641000
1760434200000,111767.92000000,111900.00000000,111420.00000000,111513.94000000,182.17356000
1760435100000,111513.93000000,111537.94000000,111055.91000000,111287.89000000,462.74950000
1760436000000,111287.90000000,111336.11000000,110857.89000000,110951.89000000,430.19979000
1760436900000,110951.90000000,110965.94000000,110348.11000000,110378.14000000,622.22215000
1760437800000,110378.14000000,110680.00000000,110012.24000000,110377.22000000,608.76805000
1760438700000,110377.23000000,110700.00000000,110186.00000000,110623.58000000,276.72269000
1760439600000,110623.58000000,111355.24000000,110614.25000000,111355.24000000,462.37024000
1760440500000,111355.23000000,111617.68000000,111226.60000000,111480.83000000,458.22327000
1760441400000,111480.82000000,111630.28000000,111293.41000000,111332.77000000,289.24044000
1760442300000,111332.78000000,111524.57000000,111266.12000000,111313.98000000,216.27223000
1760443200000,111313.98000000,111361.15000000,110952.00000000,111256.26000000,328.86279000
1760444100000,111256.26000000,111287.09000000,110966.32000000,111248.91000000,194.64413000
1760445000000,111248.90000000,111280.00000000,110766.34000000,110883.30000000,253.14976000
1760445900000,110883.30000000,111125.94000000,110737.29000000,110803.28000000,200.24959000
1760446800000,110803.29000000,110960.00000000,110488.00000000,110700.00000000,224.09061000
1760447700000,110700.00000000,110799.99000000,110350.00000000,110753.65000000,436.20259000
1760448600000,110753.64000000,110914.94000000,109866.00000000,110680.00000000,1066.00036000
1760449500000,110680.00000000,111329.71000000,110518.61000000,111014.38000000,693.72795000
1760450400000,111014.38000000,111688.00000000,110905.73000000,111670.14000000,549.81802000
1760451300000,111670.15000000,112200.00000000,111615.47000000,111818.85000000,796.99828000
1760452200000,111818.85000000,111917.02000000,111359.75000000,111824.12000000,423.62507000
1760453100000,111824.12000000,112104.97000000,111391.00000000,111435.21000000,338.20827000
1760454000000,111435.20000000,111780.00000000,111147.26000000,111199.62000000,283.85614000
1760454900000,111199.62000000,111529.92000000,111062.15000000,111507.29000000,230.08883000
1760455800000,111507.29000000,112286.00000000,111395.58000000,112137.51000000,463.66594000
1760456700000,112137.51000000,112943.82000000,112112.89000000,112900.43000000,703.79898000
1760457600000,112900.44000000,112929.26000000,112284.96000000,112509.99000000,533.49853000
1760458500000,112509.99000000,113187.62000000,112411.75000000,112732.80000000,919.75615000
1760459400000,112732.80000000,112881.18000000,112228.89000000,112756.86000000,505.92304000
1760460300000,112756.86000000,112875.19000000,112189.42000000,112328.83000000,470.36520000
1760461200000,112328.83000000,112862.57000000,111692.31000000,112751.66000000,795.72883000
1760462100000,112751.76000000,112922.01000000,112616.00000000,112780.71000000,587.04525000
1760463000000,112780.70000000,112907.99000000,112352.00000000,112686.89000000,287.86868000
1760463900000,112686.89000000,112933.65000000,112640.13000000,112774.97000000,360.77039000
1760464800000,112774.98000000,113368.85000000,112726.00000000,113260.71000000,389.39463000
1760465700000,113260.71000000,113450.00000000,113130.33000000,113153.72000000,284.45481000
1760466600000,113153.72000000,113350.96000000,112800.00000000,112849.06000000,323.85179000
1760467500000,112849.06000000,113137.47000000,112662.72000000,112861.36000000,291.56159000
1760468400000,112861.36000000,113201.15000000,112861.36000000,113176.00000000,217.55368000
1760469300000,113176.00000000,113544.53000000,113176.00000000,113371.33000000,246.83182000
1760470200000,113371.34000000,113435.00000000,112021.59000000,112104.75000000,812.03468000
1760471100000,112104.75000000,112818.15000000,112025.47000000,112613.70000000,409.37256000
1760472000000,112613.69000000,112780.00000000,112230.46000000,112559.99000000,250.21821000
1760472900000,112560.00000000,112908.35000000,112506.00000000,112810.01000000,154.41839000
1760473800000,112810.01000000,112891.44000000,112704.07000000,112874.97000000,75.21029000
1760474700000,112874.97000000,113008.47000000,112812.95000000,112992.87000000,85.01070000
1760475600000,112992.88000000,113000.00000000,112683.58000000,112746.13000000,143.83290000
1760476500000,112746.13000000,112994.07000000,112707.16000000,112981.35000000,193.38250000
1760477400000,112981.35000000,113169.78000000,112876.00000000,113093.39000000,148.38081000
1760478300000,113093.39000000,113186.00000000,112995.75000000,113128.70000000,75.46451000
1760479200000,113128.70000000,113577.00000000,113128.70000000,113440.01000000,238.26147000
1760480100000,113440.01000000,113445.63000000,113150.69000000,113184.64000000,115.78046000
1760481000000,113184.63000000,113195.05000000,112916.67000000,112943.79000000,100.62952000
1760481900000,112943.79000000,113240.00000000,112822.16000000,113211.87000000,133.96048000
1760482800000,113211.87000000,113499.99000000,113133.04000000,113445.13000000,145.57828000
1760483700000,113445.12000000,113520.00000000,113347.92000000,113426.01000000,91.51705000
1760484600000,113426.01000000,113479.13000000,113266.48000000,113266.49000000,134.10114000
1760485500000,113266.48000000,113300.00000000,112998.22000000,113028.14000000,136.60555000
1760486400000,113028.13000000,113042.32000000,112771.84000000,112792.35000000,244.78439000
1760487300000,112792.35000000,113019.71000000,112650.00000000,112827.59000000,334.89601000
1760488200000,112827.58000000,112996.00000000,112602.02000000,112937.72000000,291.33718000
1760489100000,112937.73000000,113112.41000000,112807.19000000,112993.86000000,210.30812000
1760490000000,112993.85000000,113005.57000000,112384.32000000,112726.98000000,396.65092000
1760490900000,112726.97000000,112869.41000000,112482.06000000,112482.06000000,223.05284000
1760491800000,112482.07000000,112523.27000000,112326.26000000,112511.47000000,151.63718000
1760492700000,112511.47000000,112772.39000000,112434.00000000,112738.17000000,99.38683000
1760493600000,112738.17000000,112990.47000000,112673.90000000,112955.48000000,155.60403000
1760494500000,112955.47000000,113568.96000000,112860.12000000,113568.96000000,272.53716000
1760495400000,113568.95000000,113612.35000000,112993.75000000,113030.64000000,297.17425000
1760496300000,113030.65000000,113093.90000000,112809.93000000,112809.94000000,86.78168000
1760497200000,112809.94000000,112866.77000000,112338.72000000,112486.44000000,173.70360000
1760498100000,112486.44000000,112499.99000000,111938.18000000,112260.00000000,220.33035000
1760499000000,112260.00000000,112260.00000000,111870.00000000,112019.99000000,187.11039000
1760499900000,112019.99000000,112135.13000000,111825.93000000,112024.29000000,181.25419000
1760500800000,112024.30000000,112108.39000000,111746.76000000,112019.10000000,511.86219000
1760501700000,112019.10000000,112330.70000000,111946.56000000,112180.14000000,198.89256000
1760502600000,112180.13000000,112255.65000000,112072.17000000,112206.73000000,174.43994000
1760503500000,112206.73000000,112465.50000000,112153.11000000,112344.81000000,260.53536000
1760504400000,112344.81000000,112528.34000000,112322.26000000,112487.10000000,171.32352000
1760505300000,112487.10000000,112567.85000000,112230.89000000,112309.89000000,176.99894000
1760506200000,112309.89000000,112659.00000000,112188.74000000,112550.90000000,171.62600000
1760507100000,112550.90000000,112550.90000000,112356.78000000,112431.95000000,103.41837000
1760508000000,112431.95000000,112485.71000000,112186.24000000,112229.93000000,107.81722000
1760508900000,112229.93000000,112256.00000000,111896.07000000,111944.00000000,204.01006000
1760509800000,111944.01000000,112563.80000000,111908.15000000,112320.27000000,214.37151000
1760510700000,112320.27000000,112496.56000000,112295.94000000,112460.47000000,214.30953000
1760511600000,112460.48000000,112599.84000000,112235.76000000,112489.33000000,290.30558000
1760512500000,112489.33000000,112680.00000000,112349.23000000,112349.24000000,286.82035000
1760513400000,112349.23000000,112485.18000000,112338.00000000,112434.83000000,212.51490000
1760514300000,112434.83000000,112590.51000000,112387.88000000,112584.50000000,142.95771000
1760515200000,112584.49000000,112945.60000000,112550.00000000,112921.42000000,253.74753000
1760516100000,112921.41000000,113169.40000000,112860.01000000,113124.97000000,408.95287000
1760517000000,113124.97000000,113520.88000000,113113.87000000,113225.87000000,377.02070000
1760517900000,113225.87000000,113225.88000000,112909.04000000,112944.85000000,197.09530000
1760518800000,112944.84000000,113127.39000000,112817.90000000,112959.33000000,321.98154000
1760519700000,112959.34000000,112981.17000000,112498.00000000,112600.00000000,205.10493000
1760520600000,112599.99000000,112664.78000000,112380.80000000,112550.31000000,180.20313000
1760521500000,112550.31000000,112710.23000000,112400.01000000,112564.01000000,141.14965000
1760522400000,112564.00000000,112645.61000000,112320.92000000,112579.69000000,180.35124000
1760523300000,112579.68000000,112603.68000000,112306.14000000,112397.99000000,275.22230000
1760524200000,112398.00000000,112475.31000000,112072.86000000,112332.16000000,280.07171000
1760525100000,112332.16000000,112407.34000000,112156.86000000,112266.71000000,112.00746000
1760526000000,112266.70000000,112600.00000000,112244.78000000,112269.65000000,158.58749000
1760526900000,112269.64000000,112280.87000000,111693.26000000,112049.37000000,404.51155000
1760527800000,112049.36000000,112099.65000000,111873.95000000,112099.65000000,106.53769000
1760528700000,112099.65000000,112100.00000000,111866.80000000,111905.73000000,96.53825000
1760529600000,111905.72000000,112085.68000000,111782.04000000,111992.58000000,147.80125000
1760530500000,111992.59000000,112014.02000000,111400.00000000,111469.76000000,370.96293000
1760531400000,111469.76000000,111687.34000000,111408.54000000,111605.35000000,256.90809000
1760532300000,111605.34000000,111811.84000000,111563.49000000,111711.25000000,229.83236000
1760533200000,111711.25000000,111711.26000000,111348.77000000,111469.37000000,277.83729000
1760534100000,111469.37000000,111620.02000000,111403.00000000,111431.55000000,176.19474000
1760535000000,111431.55000000,112011.75000000,111193.45000000,111337.73000000,638.40777000
1760535900000,111337.32000000,111496.72000000,110725.40000000,111389.00000000,878.62350000
1760536800000,111389.01000000,112238.41000000,111376.39000000,112032.33000000,573.95156000
1760537700000,112032.32000000,112191.86000000,111814.34000000,111918.76000000,294.59711000
1760538600000,111918.77000000,111938.37000000,111200.01000000,111300.73000000,322.18199000
1760539500000,111300.73000000,111333.91000000,110800.00000000,111059.76000000,587.01845000
1760540400000,111059.77000000,111268.85000000,110730.70000000,110838.61000000,414.21697000
1760541300000,110838.61000000,111588.69000000,110550.00000000,111188.48000000,665.05779000
1760542200000,111188.48000000,111376.29000000,110578.03000000,110732.00000000,332.73005000
1760543100000,110732.00000000,110798.01000000,110400.00000000,110798.01000000,424.17853000
1760544000000,110798.01000000,111125.18000000,110616.00000000,110930.28000000,308.62497000
1760544900000,110930.29000000,111072.89000000,110700.00000000,110971.33000000,152.07460000
1760545800000,110971.33000000,111041.16000000,110649.71000000,110694.04000000,182.12483000
1760546700000,110694.04000000,110855.43000000,110602.80000000,110748.00000000,187.30755000
1760547600000,110748.00000000,110759.06000000,110248.28000000,110270.52000000,536.66902000
1760548500000,110270.53000000,110671.99000000,110164.00000000,110404.11000000,332.50168000
1760549400000,110404.11000000,110739.67000000,110244.00000000,110716.88000000,286.27855000
1760550300000,110716.88000000,111186.78000000,110716.88000000,111186.78000000,179.61238000
1760551200000,111186.77000000,111199.00000000,110826.21000000,110983.00000000,148.72241000
1760552100000,110983.00000000,111382.37000000,110980.52000000,111213.71000000,176.19936000
1760553000000,111213.70000000,111317.64000000,110992.32000000,111167.34000000,107.29319000
1760553900000,111167.34000000,111512.41000000,111081.75000000,111444.76000000,130.48988000
1760554800000,111444.76000000,111461.90000000,111100.00000000,111225.85000000,133.16997000
1760555700000,111225.85000000,111557.70000000,111185.81000000,111496.02000000,139.30221000
1760556600000,111496.02000000,111539.40000000,111142.44000000,111306.00000000,181.45000000
1760557500000,111306.01000000,111317.58000000,111099.33000000,111271.73000000,135.92719000
1760558400000,111271.73000000,111498.00000000,111271.73000000,111414.18000000,94.87950000
1760559300000,111414.19000000,111556.27000000,111036.00000000,111060.54000000,139.69722000
1760560200000,111060.53000000,111340.00000000,110515.84000000,111279.34000000,430.94150000
1760561100000,111279.34000000,111434.61000000,111030.79000000,111109.76000000,187.24665000
1760562000000,111109.77000000,111157.55000000,110500.00000000,110810.56000000,245.24248000
1760562900000,110810.56000000,111096.00000000,110597.22000000,110976.22000000,137.08526000
1760563800000,110976.22000000,111424.69000000,110778.18000000,111109.66000000,264.62053000
1760564700000,111109.66000000,111196.35000000,110700.00000000,110854.19000000,132.41528000
1760565600000,110854.20000000,111071.83000000,110812.01000000,111064.91000000,97.38699000
1760566500000,111064.91000000,111395.82000000,111030.01000000,111167.75000000,125.73851000
1760567400000,111167.75000000,111307.82000000,111152.21000000,111204.56000000,66.40116000
1760568300000,111204.57000000,111204.57000000,110667.97000000,110667.97000000,133.21324000
1760569200000,110667.97000000,110951.09000000,110590.10000000,110855.06000000,115.81731000
1760570100000,110855.06000000,110928.00000000,110763.42000000,110880.00000000,66.01307000
1760571000000,110880.00000000,111006.00000000,110820.01000000,110941.99000000,63.84688000
1760571900000,110942.00000000,110954.73000000,110638.10000000,110763.28000000,109.85816000
1760572800000,110763.28000000,110856.11000000,110550.00000000,110550.01000000,149.08468000
1760573700000,110550.01000000,110841.73000000,110502.26000000,110784.75000000,172.33924000
1760574600000,110784.75000000,110784.75000000,110366.00000000,110368.05000000,233.69875000
1760575500000,110368.05000000,110555.33000000,110361.00000000,110431.27000000,198.76663000
1760576400000,110431.27000000,111109.65000000,110417.32000000,111005.02000000,270.13503000
1760577300000,111005.02000000,111050.70000000,110705.34000000,110893.30000000,201.28688000
1760578200000,110893.29000000,111120.00000000,110808.94000000,111021.47000000,158.95540000
1760579100000,111021.47000000,111330.00000000,110929.27000000,111299.99000000,145.99036000
1760580000000,111300.00000000,111562.24000000,111014.12000000,111345.82000000,286.38373000
1760580900000,111345.82000000,111472.49000000,111295.59000000,111400.00000000,98.30705000
1760581800000,111400.01000000,111426.00000000,111279.34000000,111344.46000000,91.01969000
1760582700000,111344.46000000,111550.00000000,111303.40000000,111510.43000000,68.69921000
1760583600000,111510.43000000,111610.00000000,111401.55000000,111493.00000000,111.54056000
1760584500000,111493.01000000,111867.17000000,111434.02000000,111730.04000000,245.62061000
1760585400000,111730.03000000,111730.04000000,111408.53000000,111564.23000000,158.78107000
1760586300000,111564.23000000,111621.57000000,111271.49000000,111329.48000000,124.81579000
1760587200000,111329.48000000,111632.00000000,111305.64000000,111594.02000000,121.49334000
1760588100000,111594.02000000,111675.21000000,111529.74000000,111550.57000000,81.91368000
1760589000000,111550.57000000,111584.99000000,110933.29000000,110998.34000000,198.21035000
1760589900000,110998.34000000,111119.46000000,110800.88000000,110966.03000000,171.94132000
1760590800000,110966.03000000,111169.95000000,110907.28000000,111116.30000000,115.01413000
1760591700000,111116.29000000,111153.92000000,110968.80000000,111054.72000000,195.85329000
1760592600000,111054.72000000,111485.03000000,111054.72000000,111360.01000000,329.54326000
1760593500000,111360.01000000,111365.02000000,110750.00000000,110951.14000000,190.65242000
1760594400000,110951.13000000,111195.36000000,110932.92000000,110938.47000000,162.62544000
1760595300000,110938.47000000,111319.99000000,110922.17000000,111316.46000000,98.48378000
1760596200000,111316.45000000,111531.58000000,111303.92000000,111348.56000000,128.16020000
1760597100000,111348.57000000,111716.86000000,111348.56000000,111666.83000000,187.20889000
1760598000000,111666.83000000,111773.70000000,111325.91000000,111402.58000000,164.71684000
1760598900000,111402.58000000,111402.59000000,110731.39000000,110771.28000000,343.17646000
1760599800000,110771.28000000,110947.62000000,110727.50000000,110910.32000000,236.94742000
1760600700000,110910.32000000,110910.32000000,110553.19000000,110584.20000000,371.20178000
1760601600000,110584.21000000,110672.35000000,110405.00000000,110656.00000000,334.47519000
1760602500000,110656.00000000,110750.00000000,110500.09000000,110551.89000000,152.90219000
1760603400000,110551.90000000,110865.61000000,110506.88000000,110720.00000000,227.01060000
1760604300000,110720.00000000,110893.91000000,110684.00000000,110817.50000000,184.11830000
1760605200000,110817.50000000,110968.61000000,110748.95000000,110841.34000000,196.25911000
1760606100000,110841.34000000,110934.62000000,110680.10000000,110680.10000000,176.35198000
1760607000000,110680.10000000,111427.48000000,109635.15000000,111230.00000000,1352.99637000
1760607900000,111230.00000000,111633.14000000,111010.43000000,111146.31000000,873.78223000
1760608800000,111146.31000000,111512.00000000,111021.02000000,111375.83000000,319.36436000
1760609700000,111375.84000000,111728.70000000,111317.73000000,111353.56000000,299.13572000
1760610600000,111353.56000000,111500.00000000,111250.00000000,111437.22000000,187.22549000
1760611500000,111437.22000000,111645.87000000,111437.22000000,111469.63000000,215.79620000
1760612400000,111469.63000000,111567.85000000,111248.00000000,111422.96000000,209.70809000
1760613300000,111422.95000000,111469.63000000,111084.35000000,111112.14000000,184.67336000
1760614200000,111112.14000000,111279.57000000,111001.44000000,111152.07000000,223.28805000
1760615100000,111152.07000000,111432.92000000,111071.76000000,111404.72000000,145.03084000
1760616000000,111404.73000000,111982.45000000,111404.72000000,111535.16000000,410.37784000
1760616900000,111535.17000000,111672.33000000,111344.26000000,111419.94000000,127.92635000
1760617800000,111419.94000000,111679.34000000,111332.18000000,111526.07000000,195.81759000
1760618700000,111526.08000000,111639.23000000,111394.91000000,111519.07000000,191.29428000
1760619600000,111519.08000000,111548.00000000,111152.67000000,111300.96000000,182.95289000
1760620500000,111300.95000000,111314.00000000,110846.49000000,111141.36000000,244.28286000
1760621400000,111141.36000000,111499.50000000,111075.77000000,111319.42000000,389.78958000
1760622300000,111319.42000000,111448.44000000,110684.32000000,110860.00000000,428.12980000
1760623200000,110860.00000000,110936.00000000,110215.50000000,110227.08000000,477.52825000
1760624100000,110227.07000000,110466.00000000,109728.00000000,110343.41000000,859.53691000
1760625000000,110343.42000000,111420.02000000,110343.42000000,111352.01000000,505.35460000
1760625900000,111352.00000000,111404.99000000,110486.12000000,110529.34000000,376.31024000
1760626800000,110529.35000000,110727.35000000,110149.56000000,110587.95000000,346.36955000
1760627700000,110587.95000000,110627.99000000,109890.00000000,110044.97000000,319.05164000
1760628600000,110044.97000000,110181.34000000,109000.00000000,109240.70000000,1038.79809000
1760629500000,109240.69000000,109257.72000000,108361.69000000,108549.21000000,2159.29122000
1760630400000,108549.21000000,108810.68000000,108196.00000000,108563.87000000,789.76881000
1760631300000,108563.87000000,108820.00000000,107908.46000000,108133.98000000,1019.47070000
1760632200000,108133.97000000,108408.44000000,107577.57000000,108084.00000000,1052.15150000
1760633100000,108084.00000000,109254.00000000,107934.91000000,109232.43000000,796.72758000
1760634000000,109232.43000000,109244.91000000,108333.07000000,108490.59000000,745.93265000
1760634900000,108490.59000000,109167.81000000,108469.69000000,108817.74000000,303.72580000
1760635800000,108817.73000000,108941.95000000,108469.01000000,108533.63000000,232.02764000
1760636700000,108533.64000000,108604.00000000,108227.54000000,108276.70000000,260.81419000
1760637600000,108276.69000000,108305.78000000,107720.69000000,107897.12000000,410.37160000
1760638500000,107897.12000000,108116.00000000,107680.00000000,107865.79000000,297.76724000
1760639400000,107865.78000000,108604.56000000,107827.95000000,108458.19000000,301.79175000
1760640300000,108458.20000000,108656.30000000,108228.33000000,108656.19000000,218.42276000
1760641200000,108656.19000000,108751.02000000,107700.00000000,108055.68000000,979.18759000
1760642100000,108055.68000000,108194.14000000,107700.00000000,107925.43000000,213.99361000
1760643000000,107925.43000000,108060.00000000,107685.40000000,107979.99000000,234.18005000
1760643900000,107980.00000000,108550.00000000,107823.30000000,108197.66000000,398.93545000
1760644800000,108197.67000000,108424.11000000,108013.29000000,108079.95000000,204.23138000
1760645700000,108079.94000000,108238.83000000,107800.55000000,107973.06000000,169.99111000
1760646600000,107973.06000000,108041.67000000,107427.00000000,107796.37000000,369.64308000
1760647500000,107796.36000000,108000.00000000,107556.01000000,107838.01000000,197.17729000
1760648400000,107838.00000000,108136.15000000,107592.00000000,108130.97000000,182.52920000
1760649300000,108130.98000000,108210.00000000,107935.77000000,108107.99000000,141.62756000
1760650200000,108107.99000000,108366.00000000,108107.99000000,108283.63000000,105.68881000
1760651100000,108283.63000000,108463.31000000,108217.74000000,108443.70000000,60.99625000
1760652000000,108443.71000000,108500.00000000,108095.00000000,108095.01000000,121.48515000
1760652900000,108095.01000000,108159.88000000,107965.88000000,107970.39000000,120.29920000
1760653800000,107970.38000000,108064.55000000,107885.23000000,107933.10000000,100.28342000
1760654700000,107933.11000000,107998.00000000,107783.76000000,107798.85000000,109.04568000
1760655600000,107798.85000000,108017.62000000,107736.56000000,107982.21000000,92.55253000
1760656500000,107982.21000000,108420.73000000,107982.20000000,108313.68000000,130.56733000
1760657400000,108313.68000000,108313.68000000,107978.14000000,108027.48000000,88.33321000
1760658300000,108027.49000000,108205.08000000,108014.96000000,108194.28000000,59.95535000
1760659200000,108194.27000000,108276.03000000,107934.40000000,108243.47000000,192.90275000
1760660100000,108243.47000000,108500.00000000,108204.56000000,108499.99000000,106.67345000
1760661000000,108499.99000000,108849.19000000,108312.71000000,108673.72000000,236.02558000
1760661900000,108673.71000000,108800.00000000,108547.33000000,108800.00000000,121.43444000
1760662800000,108799.99000000,109115.08000000,108757.39000000,108980.45000000,234.34371000
1760663700000,108980.45000000,109062.89000000,108750.00000000,108824.04000000,159.36954000
1760664600000,108824.03000000,108908.24000000,108646.10000000,108693.19000000,114.94019000
1760665500000,108693.18000000,108864.07000000,108506.79000000,108839.84000000,154.57022000
1760666400000,108839.84000000,108844.37000000,108428.57000000,108502.80000000,151.03785000
1760667300000,108502.80000000,108580.63000000,108390.21000000,108425.56000000,99.13241000
1760668200000,108425.56000000,108804.72000000,108399.12000000,108732.85000000,140.81326000
1760669100000,108732.85000000,109082.80000000,108728.48000000,108972.97000000,168.72799000
1760670000000,108972.98000000,109100.00000000,108911.51000000,109047.49000000,179.95835000
1760670900000,109047.49000000,109097.26000000,108946.79000000,109037.76000000,82.40665000
1760671800000,109037.76000000,109105.99000000,108910.45000000,108910.45000000,106.45509000
1760672700000,108910.45000000,109240.00000000,108910.45000000,109176.74000000,169.10161000
1760673600000,109176.74000000,109236.01000000,109016.18000000,109094.09000000,107.37000000
1760674500000,109094.08000000,109138.19000000,108916.00000000,108966.35000000,100.51977000
1760675400000,108966.35000000,109066.97000000,108870.24000000,108910.46000000,116.81637000
1760676300000,108910.45000000,109011.01000000,108786.00000000,108787.26000000,163.16652000
1760677200000,108787.26000000,108926.06000000,108732.00000000,108813.73000000,121.33452000
1760678100000,108813.73000000,108888.21000000,108728.02000000,108832.10000000,142.69526000
1760679000000,108832.10000000,108866.82000000,108526.43000000,108553.40000000,211.30445000
1760679900000,108553.39000000,108575.30000000,108299.12000000,108381.76000000,325.12324000
1760680800000,108381.75000000,108519.49000000,108281.23000000,108329.53000000,175.71556000
1760681700000,108329.54000000,108341.10000000,107758.83000000,107820.02000000,443.64628000
1760682600000,107820.02000000,107882.00000000,106900.00000000,107020.00000000,1234.50085000
1760683500000,107020.01000000,107195.97000000,106639.79000000,106741.28000000,986.62897000
1760684400000,106741.28000000,106901.85000000,106194.19000000,106245.38000000,1204.48352000
1760685300000,106245.38000000,106570.46000000,106156.46000000,106297.60000000,571.15181000
1760686200000,106297.61000000,106322.33000000,105688.49000000,105759.73000000,1286.04175000
1760687100000,105759.74000000,105998.99000000,105542.09000000,105633.75000000,829.57646000
1760688000000,105633.75000000,105669.43000000,105050.00000000,105146.19000000,1116.91655000
1760688900000,105146.20000000,105459.98000000,104505.00000000,105173.59000000,1959.19306000
1760689800000,105173.59000000,105716.15000000,104890.00000000,105080.01000000,747.87193000
1760690700000,105080.01000000,105242.89000000,104741.23000000,104884.38000000,809.00182000
1760691600000,104884.38000000,105313.24000000,104806.95000000,105243.99000000,629.59618000
1760692500000,105242.39000000,105313.23000000,104892.00000000,105103.88000000,260.28118000
1760693400000,105103.89000000,105626.67000000,105077.17000000,105077.18000000,360.54225000
1760694300000,105077.18000000,105182.62000000,104520.70000000,104531.35000000,784.18931000
1760695200000,104530.00000000,104839.49000000,104259.99000000,104638.87000000,625.19391000
1760696100000,104638.87000000,104681.43000000,103528.23000000,104014.60000000,1559.13620000
1760697000000,104014.60000000,104527.05000000,103958.95000000,104410.43000000,838.72333000
1760697900000,104410.43000000,104926.19000000,104341.24000000,104751.99000000,597.23109000
1760698800000,104751.99000000,105923.43000000,104674.00000000,105816.00000000,935.64530000
1760699700000,105816.01000000,106651.22000000,105769.85000000,106257.17000000,1560.38352000
1760700600000,106257.17000000,106319.16000000,105702.75000000,105868.10000000,613.72574000
1760701500000,105868.11000000,106002.27000000,105458.00000000,105683.72000000,510.70185000
1760702400000,105683.71000000,106070.14000000,105562.03000000,105743.37000000,415.98132000
1760703300000,105743.37000000,106000.00000000,105500.96000000,105600.74000000,393.10095000
1760704200000,105600.74000000,105800.00000000,105235.31000000,105637.74000000,297.47235000
1760705100000,105637.74000000,105654.25000000,105227.45000000,105350.40000000,277.83114000
1760706000000,105350.40000000,105538.45000000,104916.66000000,104916.82000000,446.76659000
1760706900000,104916.82000000,105626.67000000,104876.19000000,105505.06000000,384.19966000
1760707800000,105505.40000000,106091.46000000,105180.56000000,105326.67000000,594.54429000
1760708700000,105326.67000000,106166.00000000,104966.00000000,105835.63000000,914.84219000
1760709600000,105835.62000000,105989.01000000,105151.45000000,105419.59000000,468.18843000
1760710500000,105419.59000000,105587.00000000,104982.03000000,105066.20000000,317.01956000
1760711400000,105066.20000000,105415.20000000,104533.21000000,105206.37000000,672.52959000
1760712300000,105206.37000000,105768.26000000,105078.01000000,105163.42000000,436.71013000
1760713200000,105163.41000000,105746.75000000,105087.29000000,105481.75000000,587.20504000
1760714100000,105481.75000000,106226.56000000,105447.99000000,106091.31000000,541.51194000
1760715000000,106091.31000000,106200.53000000,105655.31000000,106114.82000000,402.24762000
1760715900000,106114.83000000,106852.14000000,106065.00000000,106803.53000000,697.19233000
1760716800000,106803.52000000,107575.60000000,106756.00000000,106972.04000000,906.30172000
1760717700000,106972.04000000,107248.58000000,106669.56000000,106792.60000000,351.61400000
1760718600000,106792.60000000,106890.69000000,106447.70000000,106609.31000000,374.89248000
1760719500000,106609.32000000,106904.00000000,106239.75000000,106372.34000000,276.23968000
1760720400000,106372.34000000,106702.10000000,106289.77000000,106647.25000000,145.92574000
1760721300000,106647.25000000,106729.00000000,106184.65000000,106218.58000000,152.39463000
1760722200000,106218.58000000,106558.58000000,106146.68000000,106353.05000000,241.43780000
1760723100000,106353.05000000,106569.46000000,106071.42000000,106453.27000000,183.75122000
1760724000000,106453.26000000,106898.60000000,106453.26000000,106589.09000000,267.75596000
1760724900000,106589.10000000,106983.42000000,106534.00000000,106888.93000000,138.40404000
1760725800000,106888.93000000,107089.99000000,106722.67000000,106722.68000000,225.78065000
1760726700000,106722.68000000,106818.69000000,106509.35000000,106647.11000000,129.23134000
1760727600000,106647.11000000,106889.11000000,106647.11000000,106767.46000000,139.52726000
1760728500000,106767.46000000,106819.87000000,106502.00000000,106596.79000000,112.10776000
1760729400000,106596.79000000,106596.79000000,106233.65000000,106453.39000000,168.06913000
1760730300000,106453.39000000,106643.14000000,106395.75000000,106454.72000000,103.03403000
1760731200000,106457.24000000,106611.61000000,106342.47000000,106611.61000000,111.46292000
1760732100000,106612.00000000,107062.22000000,106610.27000000,107027.92000000,166.07432000
1760733000000,107027.91000000,107120.24000000,106920.00000000,106987.52000000,121.65779000
1760733900000,106987.52000000,107177.08000000,106971.29000000,107021.37000000,103.61904000
1760734800000,107021.38000000,107402.93000000,107016.87000000,107393.00000000,208.79309000
1760735700000,107393.00000000,107432.02000000,107304.52000000,107419.99000000,80.10441000
1760736600000,107419.98000000,107419.99000000,107216.71000000,107276.79000000,86.02606000
1760737500000,107276.80000000,107440.02000000,107227.25000000,107301.40000000,100.05571000
1760738400000,107301.41000000,107415.73000000,107146.18000000,107171.76000000,104.32964000
1760739300000,107171.76000000,107220.00000000,107000.67000000,107140.34000000,118.81831000
1760740200000,107140.35000000,107150.00000000,106807.50000000,106912.85000000,161.10439000
1760741100000,106912.84000000,107030.00000000,106912.84000000,107000.10000000,82.88766000
1760742000000,107000.09000000,107000.10000000,106788.84000000,106844.01000000,71.84445000
1760742900000,106844.01000000,106878.36000000,106584.05000000,106593.97000000,99.44343000
1760743800000,106593.97000000,106679.99000000,106490.80000000,106569.98000000,85.25576000
1760744700000,106569.99000000,106645.31000000,106392.08000000,106431.68000000,109.07919000
1760745600000,106431.68000000,106462.11000000,106351.86000000,106362.15000000,102.59197000
1760746500000,106362.15000000,106670.44000000,106322.20000000,106591.36000000,100.02550000
