variant,horizon_bars,y_true,y_pred
raw,4,121313.56,121526.88
thetaBiquatBasis,4,121313.56,122036.5660311314
raw,4,121119.39,121662.17
thetaBiquatBasis,4,121119.39,122034.42649725243
raw,4,120932.05,121378.18
thetaBiquatBasis,4,120932.05,121972.70050111876
raw,4,121159.38,121280.1
thetaBiquatBasis,4,121159.38,122024.46319111777
raw,4,121279.89,121313.56
thetaBiquatBasis,4,121279.89,122019.03603850547
raw,4,121278.68,121119.39
thetaBiquatBasis,4,121278.68,122000.12846246877
raw,4,121631.54,120932.05
thetaBiquatBasis,4,121631.54,121974.02141270002
raw,4,121515.8,121159.38
thetaBiquatBasis,4,121515.8,121953.82051694425
raw,4,121754.33,121279.89
thetaBiquatBasis,4,121754.33,122001.76411800922
raw,4,121694.25,121278.68
thetaBiquatBasis,4,121694.25,121991.54039012024
raw,4,121314.73,121631.54
thetaBiquatBasis,4,121314.73,121993.3784976448
raw,4,121339.42,121515.8
thetaBiquatBasis,4,121339.42,121984.5508993107
raw,4,121334.0,121754.33
thetaBiquatBasis,4,121334.0,122024.58647194157
raw,4,121319.01,121694.25
thetaBiquatBasis,4,121319.01,122042.53831704897
raw,4,121496.33,121314.73
thetaBiquatBasis,4,121496.33,121942.03388392445
raw,4,121534.0,121339.42
thetaBiquatBasis,4,121534.0,121988.64802203179
raw,4,121449.81,121334.0
thetaBiquatBasis,4,121449.81,122003.88225279082
raw,4,121530.57,121319.01
thetaBiquatBasis,4,121530.57,121999.38271585136
raw,4,121554.55,121496.33
thetaBiquatBasis,4,121554.55,121967.94380841532
raw,4,121477.75,121534.0
thetaBiquatBasis,4,121477.75,121977.7023832289
raw,4,121544.4,121449.81
thetaBiquatBasis,4,121544.4,122017.59170713022
raw,4,121475.74,121530.57
thetaBiquatBasis,4,121475.74,122039.48408852449
raw,4,121597.21,121554.55
thetaBiquatBasis,4,121597.21,122036.38507394915
raw,4,121813.29,121477.75
thetaBiquatBasis,4,121813.29,122004.52039847795
raw,4,121975.32,121544.4
thetaBiquatBasis,4,121975.32,122019.4522232401
raw,4,122259.02,121475.74
thetaBiquatBasis,4,122259.02,122045.58594658779
raw,4,121684.2,121597.21
thetaBiquatBasis,4,121684.2,121939.00389435378
raw,4,121678.21,121813.29
thetaBiquatBasis,4,121678.21,121981.94138861797
raw,4,121215.01,121975.32
thetaBiquatBasis,4,121215.01,121979.64709039981
raw,4,121348.69,122259.02
thetaBiquatBasis,4,121348.69,121963.82758373377
raw,4,120493.17,121684.2
thetaBiquatBasis,4,120493.17,121942.15814867461
raw,4,120424.29,121678.21
thetaBiquatBasis,4,120424.29,121959.1757601113
raw,4,119252.86,121215.01
thetaBiquatBasis,4,119252.86,121993.09082496705
raw,4,119570.69,121348.69
thetaBiquatBasis,4,119570.69,122005.96939457543
raw,4,119018.98,120493.17
thetaBiquatBasis,4,119018.98,122010.53749028244
raw,4,118942.59,120424.29
thetaBiquatBasis,4,118942.59,121984.5780187496
raw,4,119068.86,119252.86
thetaBiquatBasis,4,119068.86,122009.09888188745
raw,4,118882.69,119570.69
thetaBiquatBasis,4,118882.69,122048.37588045947
raw,4,118205.61,119018.98
thetaBiquatBasis,4,118205.61,121954.6304611777
raw,4,117906.5,118942.59
thetaBiquatBasis,4,117906.5,121966.3713238083
raw,4,118150.75,119068.86
thetaBiquatBasis,4,118150.75,121973.78035441095
raw,4,117846.11,118882.69
thetaBiquatBasis,4,117846.11,121942.533242656
raw,4,117623.8,118205.61
thetaBiquatBasis,4,117623.8,121936.58088490248
raw,4,117653.19,117906.5
thetaBiquatBasis,4,117653.19,121919.1862049973
raw,4,117612.26,118150.75
thetaBiquatBasis,4,117612.26,121939.42032721358
raw,4,117462.63,117846.11
thetaBiquatBasis,4,117462.63,121894.78186363149
raw,4,117237.7,117623.8
thetaBiquatBasis,4,117237.7,121900.09755052984
raw,4,116827.4,117653.19
thetaBiquatBasis,4,116827.4,121846.71577893964
raw,4,116040.38,117612.26
thetaBiquatBasis,4,116040.38,121877.49899083991
raw,4,116923.96,117462.63
thetaBiquatBasis,4,116923.96,121916.72882844927
raw,4,116661.5,117237.7
thetaBiquatBasis,4,116661.5,121816.0138862759
raw,4,116780.01,116827.4
thetaBiquatBasis,4,116780.01,121788.06675141647
raw,4,117065.91,116040.38
thetaBiquatBasis,4,117065.91,121781.75816455297
raw,4,117034.61,116923.96
thetaBiquatBasis,4,117034.61,121750.37817798328
raw,4,114266.82,116661.5
thetaBiquatBasis,4,114266.82,121743.02534001169
raw,4,112209.36,116780.01
thetaBiquatBasis,4,112209.36,121708.4968660781
raw,4,108432.09,117065.91
thetaBiquatBasis,4,108432.09,121745.59479245657
raw,4,110809.05,117034.61
thetaBiquatBasis,4,110809.05,121711.87818262372
raw,4,113451.86,114266.82
thetaBiquatBasis,4,113451.86,121716.88909913725
raw,4,113688.22,112209.36
thetaBiquatBasis,4,113688.22,121649.71354330072
raw,4,112360.83,108432.09
thetaBiquatBasis,4,112360.83,121660.49871221313
raw,4,113172.34,110809.05
thetaBiquatBasis,4,113172.34,121658.1104718567
raw,4,113700.0,113451.86
thetaBiquatBasis,4,113700.0,121593.30205383885
raw,4,113050.99,113688.22
thetaBiquatBasis,4,113050.99,121538.61438842164
raw,4,113771.8,112360.83
thetaBiquatBasis,4,113771.8,121544.64872497342
raw,4,114617.32,113172.34
thetaBiquatBasis,4,114617.32,121544.4596696294
raw,4,112774.5,113700.0
thetaBiquatBasis,4,112774.5,121540.25628808908
raw,4,112344.76,113050.99
thetaBiquatBasis,4,112344.76,121370.05949409258
raw,4,112451.53,113771.8
thetaBiquatBasis,4,112451.53,121312.4162238054
raw,4,112640.04,114617.32
thetaBiquatBasis,4,112640.04,121093.81583326585
raw,4,112514.58,112774.5
thetaBiquatBasis,4,112514.58,121204.18686842211
raw,4,111951.38,112344.76
thetaBiquatBasis,4,111951.38,121252.93151039019
raw,4,111260.89,112451.53
thetaBiquatBasis,4,111260.89,121280.59434500524
raw,4,111245.34,112640.04
thetaBiquatBasis,4,111245.34,121220.35384519794
raw,4,111095.37,112514.58
thetaBiquatBasis,4,111095.37,121197.63719982252
raw,4,111949.01,111951.38
thetaBiquatBasis,4,111949.01,121162.56424304392
raw,4,112180.24,111260.89
thetaBiquatBasis,4,112180.24,121139.31390927568
raw,4,113172.58,111245.34
thetaBiquatBasis,4,113172.58,121156.62144223982
raw,4,113196.48,111095.37
thetaBiquatBasis,4,113196.48,121149.59374353045
raw,4,112360.39,111949.01
thetaBiquatBasis,4,112360.39,120912.56710940419
raw,4,111880.26,112180.24
thetaBiquatBasis,4,111880.26,120825.89247915213
raw,4,111880.48,113172.58
thetaBiquatBasis,4,111880.48,120613.80060970197
raw,4,112300.01,113196.48
thetaBiquatBasis,4,112300.01,120736.39306391841
raw,4,112436.59,112360.39
thetaBiquatBasis,4,112436.59,120776.62722809444
raw,4,112274.66,111880.26
thetaBiquatBasis,4,112274.66,120775.39821981831
raw,4,112110.48,111880.48
thetaBiquatBasis,4,112110.48,120680.01591357248
raw,4,112945.79,112300.01
thetaBiquatBasis,4,112945.79,120639.1292702733
raw,4,112660.4,112436.59
thetaBiquatBasis,4,112660.4,120598.7920334158
raw,4,112016.36,112274.66
thetaBiquatBasis,4,112016.36,120607.20543713588
raw,4,112034.01,112110.48
thetaBiquatBasis,4,112034.01,120640.4101014827
raw,4,112389.48,112945.79
thetaBiquatBasis,4,112389.48,120690.6117800084
raw,4,112366.16,112660.4
thetaBiquatBasis,4,112366.16,120451.25038528985
raw,4,112676.56,112016.36
thetaBiquatBasis,4,112676.56,120319.67728697452
raw,4,112149.71,112034.01
thetaBiquatBasis,4,112149.71,120095.87262036178
raw,4,112045.99,112389.48
thetaBiquatBasis,4,112045.99,120222.59694720893
raw,4,111397.9,112366.16
thetaBiquatBasis,4,111397.9,120284.65103452676
raw,4,110754.18,112676.56
thetaBiquatBasis,4,110754.18,120289.1172726723
raw,4,110632.88,112149.71
thetaBiquatBasis,4,110632.88,120193.23070187523
raw,4,110384.61,112045.99
thetaBiquatBasis,4,110384.61,120173.04589414499
raw,4,110274.46,111397.9
thetaBiquatBasis,4,110274.46,120139.11389517749
raw,4,110949.22,110754.18
thetaBiquatBasis,4,110949.22,120123.1768721028
raw,4,111242.26,110632.88
thetaBiquatBasis,4,111242.26,120136.86921277753
raw,4,111328.38,110384.61
thetaBiquatBasis,4,111328.38,120192.96370169122
raw,4,111550.16,110274.46
thetaBiquatBasis,4,111550.16,119978.36888870352
raw,4,111757.95,110949.22
thetaBiquatBasis,4,111757.95,119837.62776007669
raw,4,111823.15,111242.26
thetaBiquatBasis,4,111823.15,119630.56586514146
raw,4,111642.78,111328.38
thetaBiquatBasis,4,111642.78,119736.605461885
raw,4,111894.67,111550.16
thetaBiquatBasis,4,111894.67,119801.61669796627
raw,4,112197.42,111757.95
thetaBiquatBasis,4,112197.42,119749.66022842296
raw,4,112027.74,111823.15
thetaBiquatBasis,4,112027.74,119625.69181010449
raw,4,112114.64,111642.78
thetaBiquatBasis,4,112114.64,119597.8517550161
raw,4,112034.0,111894.67
thetaBiquatBasis,4,112034.0,119535.95173097105
raw,4,112350.0,112197.42
thetaBiquatBasis,4,112350.0,119485.29813923416
raw,4,112337.21,112027.74
thetaBiquatBasis,4,112337.21,119525.29230180511
raw,4,112280.0,112114.64
thetaBiquatBasis,4,112280.0,119596.17626534385
raw,4,112107.25,112034.0
thetaBiquatBasis,4,112107.25,119373.37864635154
raw,4,112466.66,112350.0
thetaBiquatBasis,4,112466.66,119250.93270883476
raw,4,112291.81,112337.21
thetaBiquatBasis,4,112291.81,119065.93170671267
raw,4,112380.14,112280.0
thetaBiquatBasis,4,112380.14,119177.4727000708
raw,4,112499.99,112107.25
thetaBiquatBasis,4,112499.99,119238.88206051779
raw,4,112345.98,112466.66
thetaBiquatBasis,4,112345.98,119208.45458372222
raw,4,112180.95,112291.81
thetaBiquatBasis,4,112180.95,119080.89235658024
raw,4,112267.86,112380.14
thetaBiquatBasis,4,112267.86,119054.79181942952
raw,4,112205.97,112499.99
thetaBiquatBasis,4,112205.97,118996.17324330824
raw,4,112039.41,112345.98
thetaBiquatBasis,4,112039.41,118939.49061947173
raw,4,112070.37,112180.95
thetaBiquatBasis,4,112070.37,118991.32285722528
raw,4,111991.97,112267.86
thetaBiquatBasis,4,111991.97,119071.19538784225
raw,4,112282.58,112205.97
thetaBiquatBasis,4,112282.58,118869.72721402094
raw,4,112204.91,112039.41
thetaBiquatBasis,4,112204.91,118727.79229022088
raw,4,111939.85,112070.37
thetaBiquatBasis,4,111939.85,118551.03698309851
raw,4,111793.2,111991.97
thetaBiquatBasis,4,111793.2,118651.7494318707
raw,4,112059.61,112282.58
thetaBiquatBasis,4,112059.61,118719.96876087826
raw,4,111806.29,112204.91
thetaBiquatBasis,4,111806.29,118691.56366571657
raw,4,111516.51,111939.85
thetaBiquatBasis,4,111516.51,118559.7033713726
raw,4,111846.18,111793.2
thetaBiquatBasis,4,111846.18,118524.6261948027
raw,4,112056.94,112059.61
thetaBiquatBasis,4,112056.94,118475.55662322947
raw,4,112122.69,111806.29
thetaBiquatBasis,4,112122.69,118418.82302947756
raw,4,112049.98,111516.51
thetaBiquatBasis,4,112049.98,118446.61676094946
raw,4,112005.57,111846.18
thetaBiquatBasis,4,112005.57,118534.07070778369
raw,4,111895.99,112056.94
thetaBiquatBasis,4,111895.99,118330.96443812977
raw,4,111894.49,112122.69
thetaBiquatBasis,4,111894.49,118211.79372273543
raw,4,111918.82,112049.98
thetaBiquatBasis,4,111918.82,118034.02129808327
raw,4,111955.27,112005.57
thetaBiquatBasis,4,111955.27,118126.79378706118
raw,4,111570.5,111895.99
thetaBiquatBasis,4,111570.5,118193.97167908488
raw,4,111391.55,111894.49
thetaBiquatBasis,4,111391.55,118188.41556609058
raw,4,111060.48,111918.82
thetaBiquatBasis,4,111060.48,118049.26624970326
raw,4,111178.31,111955.27
thetaBiquatBasis,4,111178.31,118009.25005133628
raw,4,110869.93,111570.5
thetaBiquatBasis,4,110869.93,117965.93571237187
raw,4,110619.08,111391.55
thetaBiquatBasis,4,110619.08,117932.62968740622
raw,4,110348.05,111060.48
thetaBiquatBasis,4,110348.05,117976.51577282714
raw,4,110244.98,111178.31
thetaBiquatBasis,4,110244.98,118075.52492658235
raw,4,110039.99,110869.93
thetaBiquatBasis,4,110039.99,117873.23913131832
raw,4,110802.96,110619.08
thetaBiquatBasis,4,110802.96,117739.29131134567
raw,4,110696.53,110348.05
thetaBiquatBasis,4,110696.53,117554.28128036682
raw,4,110893.54,110244.98
thetaBiquatBasis,4,110893.54,117651.60707872137
raw,4,110948.38,110039.99
thetaBiquatBasis,4,110948.38,117713.84164154659
raw,4,110928.87,110802.96
thetaBiquatBasis,4,110928.87,117695.8022271049
raw,4,111100.92,110696.53
thetaBiquatBasis,4,111100.92,117532.85154052908
raw,4,111043.27,110893.54
thetaBiquatBasis,4,111043.27,117486.94056800519
raw,4,110898.54,110948.38
thetaBiquatBasis,4,110898.54,117443.72719501778
raw,4,110949.88,110928.87
thetaBiquatBasis,4,110949.88,117406.62735592148
raw,4,110844.81,111100.92
thetaBiquatBasis,4,110844.81,117434.08014864428
raw,4,110644.4,111043.27
thetaBiquatBasis,4,110644.4,117522.84742429998
raw,4,110328.7,110898.54
thetaBiquatBasis,4,110328.7,117308.67116793085
raw,4,109924.92,110949.88
thetaBiquatBasis,4,109924.92,117172.3600387579
raw,4,109742.33,110844.81
thetaBiquatBasis,4,109742.33,117016.49896733403
raw,4,109641.54,110644.4
thetaBiquatBasis,4,109641.54,117108.00432079137
raw,4,110030.46,110328.7
thetaBiquatBasis,4,110030.46,117186.99551051423
raw,4,109963.63,109924.92
thetaBiquatBasis,4,109963.63,117170.54942648241
raw,4,110007.18,109742.33
thetaBiquatBasis,4,110007.18,117011.54158004606
raw,4,109978.56,109641.54
thetaBiquatBasis,4,109978.56,116980.45675744409
raw,4,110140.5,110030.46
thetaBiquatBasis,4,110140.5,116926.45007395366
raw,4,110447.44,109963.63
thetaBiquatBasis,4,110447.44,116890.64356475466
raw,4,110243.85,110007.18
thetaBiquatBasis,4,110243.85,116946.931988242
raw,4,110119.02,109978.56
thetaBiquatBasis,4,110119.02,117023.54740468196
raw,4,110708.3,110140.5
thetaBiquatBasis,4,110708.3,116803.08972565157
raw,4,110960.34,110447.44
thetaBiquatBasis,4,110960.34,116635.87629522305
raw,4,110954.7,110243.85
thetaBiquatBasis,4,110954.7,116455.78812354672
raw,4,110676.0,110119.02
thetaBiquatBasis,4,110676.0,116539.92111265403
raw,4,111075.16,110708.3
thetaBiquatBasis,4,111075.16,116607.40093678134
raw,4,111131.38,110960.34
thetaBiquatBasis,4,111131.38,116606.90574203586
raw,4,111500.59,110954.7
thetaBiquatBasis,4,111500.59,116450.93645422015
raw,4,111524.87,110676.0
thetaBiquatBasis,4,111524.87,116398.39789229602
raw,4,111296.75,111075.16
thetaBiquatBasis,4,111296.75,116345.89310865491
raw,4,111583.92,111131.38
thetaBiquatBasis,4,111583.92,116314.1532480807
raw,4,111539.14,111500.59
thetaBiquatBasis,4,111539.14,116364.38357407007
raw,4,111700.38,111524.87
thetaBiquatBasis,4,111700.38,116424.44048104121
raw,4,111835.94,111296.75
thetaBiquatBasis,4,111835.94,116202.20709432487
raw,4,111933.62,111583.92
thetaBiquatBasis,4,111933.62,116050.29932513039
raw,4,111730.31,111539.14
thetaBiquatBasis,4,111730.31,115881.88540399118
raw,4,111686.01,111700.38
thetaBiquatBasis,4,111686.01,115940.20321920168
raw,4,111581.29,111835.94
thetaBiquatBasis,4,111581.29,115993.71689273036
raw,4,111616.39,111933.62
thetaBiquatBasis,4,111616.39,116027.92921144124
raw,4,111584.69,111730.31
thetaBiquatBasis,4,111584.69,115863.77140134119
raw,4,111525.2,111686.01
thetaBiquatBasis,4,111525.2,115862.42651704932
raw,4,111514.04,111581.29
thetaBiquatBasis,4,111514.04,115827.28076223857
raw,4,111762.09,111616.39
thetaBiquatBasis,4,111762.09,115783.11855442592
raw,4,111600.01,111584.69
thetaBiquatBasis,4,111600.01,115883.12922841418
raw,4,111310.9,111525.2
thetaBiquatBasis,4,111310.9,115961.045638652
raw,4,111200.52,111514.04
thetaBiquatBasis,4,111200.52,115744.36843748494
raw,4,111388.99,111762.09
thetaBiquatBasis,4,111388.99,115597.42783563715
raw,4,111620.35,111600.01
thetaBiquatBasis,4,111620.35,115447.99672825253
raw,4,111837.04,111310.9
thetaBiquatBasis,4,111837.04,115508.78976057898
raw,4,111851.24,111200.52
thetaBiquatBasis,4,111851.24,115543.1873370804
raw,4,111613.99,111388.99
thetaBiquatBasis,4,111613.99,115567.7020786714
raw,4,111584.69,111620.35
thetaBiquatBasis,4,111584.69,115405.0285464763
raw,4,111651.64,111837.04
thetaBiquatBasis,4,111651.64,115422.84218539318
raw,4,111863.78,111851.24
thetaBiquatBasis,4,111863.78,115432.30156695237
raw,4,111740.0,111613.99
thetaBiquatBasis,4,111740.0,115366.57992303776
raw,4,111985.0,111584.69
thetaBiquatBasis,4,111985.0,115478.51102713324
raw,4,111848.36,111651.64
thetaBiquatBasis,4,111848.36,115539.05271268668
raw,4,112134.48,111863.78
thetaBiquatBasis,4,112134.48,115284.22131787881
raw,4,112004.64,111740.0
thetaBiquatBasis,4,112004.64,115142.09118515106
raw,4,111838.41,111985.0
thetaBiquatBasis,4,111838.41,115004.76341952704
raw,4,111789.6,111848.36
thetaBiquatBasis,4,111789.6,115081.39592470556
raw,4,111928.53,112134.48
thetaBiquatBasis,4,111928.53,115123.55538180532
raw,4,111677.06,112004.64
thetaBiquatBasis,4,111677.06,115134.92445050215
raw,4,111818.31,111838.41
thetaBiquatBasis,4,111818.31,114953.31475187685
raw,4,111297.52,111789.6
thetaBiquatBasis,4,111297.52,114981.82790048409
raw,4,111416.49,111928.53
thetaBiquatBasis,4,111416.49,114989.44109656007
raw,4,111481.26,111677.06
thetaBiquatBasis,4,111481.26,114938.47464820583
raw,4,111399.68,111818.31
thetaBiquatBasis,4,111399.68,115043.73863061503
raw,4,112338.1,111297.52
thetaBiquatBasis,4,112338.1,115109.76743605823
raw,4,113218.53,111416.49
thetaBiquatBasis,4,113218.53,114843.23462565747
raw,4,113169.49,111481.26
thetaBiquatBasis,4,113169.49,114702.26926539853
raw,4,112671.65,111399.68
thetaBiquatBasis,4,112671.65,114560.52005146438
raw,4,113198.2,112338.1
thetaBiquatBasis,4,113198.2,114623.9483185228
raw,4,113900.01,113218.53
thetaBiquatBasis,4,113900.01,114663.01206699165
raw,4,113649.78,113169.49
thetaBiquatBasis,4,113649.78,114680.22871587779
raw,4,114243.06,112671.65
thetaBiquatBasis,4,114243.06,114483.45860655239
raw,4,114069.35,113198.2
thetaBiquatBasis,4,114069.35,114512.52129360482
raw,4,114317.15,113900.01
thetaBiquatBasis,4,114317.15,114494.74312933661
raw,4,114336.93,113649.78
thetaBiquatBasis,4,114336.93,114460.20660460912
raw,4,114334.04,114243.06
thetaBiquatBasis,4,114334.04,114566.32775737735
raw,4,113799.99,114069.35
thetaBiquatBasis,4,113799.99,114627.57995478812
raw,4,114046.61,114317.15
thetaBiquatBasis,4,114046.61,114399.2208420514
raw,4,113894.18,114336.93
thetaBiquatBasis,4,113894.18,114300.91491523298
raw,4,113621.81,114334.04
thetaBiquatBasis,4,113621.81,114146.50860042407
raw,4,113878.93,113799.99
thetaBiquatBasis,4,113878.93,114193.92884710578
raw,4,114347.29,114046.61
thetaBiquatBasis,4,114347.29,114256.00920130807
raw,4,114289.99,113894.18
thetaBiquatBasis,4,114289.99,114304.03958426631
raw,4,114176.89,113621.81
thetaBiquatBasis,4,114176.89,114094.7961711153
raw,4,114342.28,113878.93
thetaBiquatBasis,4,114342.28,114163.83543745201
raw,4,114602.16,114347.29
thetaBiquatBasis,4,114602.16,114134.99968690192
raw,4,115230.89,114289.99
thetaBiquatBasis,4,115230.89,114128.99975230788
raw,4,115105.33,114176.89
thetaBiquatBasis,4,115105.33,114232.38949776225
raw,4,114927.97,114342.28
thetaBiquatBasis,4,114927.97,114299.63216861534
raw,4,115361.13,114602.16
thetaBiquatBasis,4,115361.13,114053.51928904658
raw,4,114953.14,115230.89
thetaBiquatBasis,4,114953.14,113965.4190444916
raw,4,114622.81,115105.33
thetaBiquatBasis,4,114622.81,113787.23612908105
raw,4,114882.06,114927.97
thetaBiquatBasis,4,114882.06,113818.6721594324
raw,4,115374.57,115361.13
thetaBiquatBasis,4,115374.57,113915.67243406299
raw,4,115233.74,114953.14
thetaBiquatBasis,4,115233.74,113969.60232693478
raw,4,115389.99,114622.81
thetaBiquatBasis,4,115389.99,113761.55463319871
raw,4,115221.4,114882.06
thetaBiquatBasis,4,115221.4,113831.65488111894
raw,4,114892.21,115374.57
thetaBiquatBasis,4,114892.21,113806.79862232738
raw,4,115245.25,115233.74
thetaBiquatBasis,4,115245.25,113819.373384851
raw,4,114963.15,115389.99
thetaBiquatBasis,4,114963.15,113940.00978485102
raw,4,114958.8,115221.4
thetaBiquatBasis,4,114958.8,113998.09153714319
raw,4,115239.22,114892.21
thetaBiquatBasis,4,115239.22,113736.57107326032
raw,4,115218.63,115245.25
thetaBiquatBasis,4,115218.63,113669.50077296293
raw,4,115136.36,114963.15
thetaBiquatBasis,4,115136.36,113474.20122899712
raw,4,115280.84,114958.8
thetaBiquatBasis,4,115280.84,113483.46493996677
raw,4,115180.0,115239.22
thetaBiquatBasis,4,115180.0,113606.33372410017
raw,4,115602.0,115218.63
thetaBiquatBasis,4,115602.0,113688.38686545935
raw,4,115671.06,115136.36
thetaBiquatBasis,4,115671.06,113472.039678345
raw,4,115713.32,115280.84
thetaBiquatBasis,4,115713.32,113558.82656268433
raw,4,115327.95,115180.0
thetaBiquatBasis,4,115327.95,113534.86315550024
raw,4,115210.69,115602.0
thetaBiquatBasis,4,115210.69,113520.9370306739
raw,4,115323.06,115671.06
thetaBiquatBasis,4,115323.06,113652.64626334587
raw,4,115319.97,115713.32
thetaBiquatBasis,4,115319.97,113697.35232885656
raw,4,115471.15,115327.95
thetaBiquatBasis,4,115471.15,113418.82192272351
raw,4,115157.11,115210.69
thetaBiquatBasis,4,115157.11,113370.61633209015
raw,4,114864.42,115323.06
thetaBiquatBasis,4,114864.42,113162.97779112004
raw,4,114821.12,115319.97
thetaBiquatBasis,4,114821.12,113171.18482231812
raw,4,114728.09,115471.15
thetaBiquatBasis,4,114728.09,113319.00591463983
raw,4,114651.46,115157.11
thetaBiquatBasis,4,114651.46,113395.08146985038
raw,4,114616.31,114864.42
thetaBiquatBasis,4,114616.31,113199.08754758583
raw,4,114708.15,114821.12
thetaBiquatBasis,4,114708.15,113289.87681562641
raw,4,114740.01,114728.09
thetaBiquatBasis,4,114740.01,113259.48197413595
raw,4,114713.83,114651.46
thetaBiquatBasis,4,114713.83,113225.41113083302
raw,4,114582.26,114616.31
thetaBiquatBasis,4,114582.26,113355.54561538092
raw,4,114611.82,114708.15
thetaBiquatBasis,4,114611.82,113401.7569074969
raw,4,114780.11,114740.01
thetaBiquatBasis,4,114780.11,113121.93745509401
raw,4,115099.99,114713.83
thetaBiquatBasis,4,115099.99,113084.5880196989
raw,4,115002.72,114582.26
thetaBiquatBasis,4,115002.72,112858.82142682184
raw,4,115221.22,114611.82
thetaBiquatBasis,4,115221.22,112856.36037929462
raw,4,115399.66,114780.11
thetaBiquatBasis,4,115399.66,112996.33529139165
raw,4,115493.8,115099.99
thetaBiquatBasis,4,115493.8,113057.69134461871
raw,4,115429.93,115002.72
thetaBiquatBasis,4,115429.93,112850.33268674734
raw,4,115399.67,115221.22
thetaBiquatBasis,4,115399.67,112925.93867127801
raw,4,115320.72,115399.66
thetaBiquatBasis,4,115320.72,112927.2894636555
raw,4,115290.7,115493.8
thetaBiquatBasis,4,115290.7,112895.02099928982
raw,4,115212.11,115429.93
thetaBiquatBasis,4,115212.11,113045.96591955604
raw,4,115254.23,115399.67
thetaBiquatBasis,4,115254.23,113079.54631662334
raw,4,114801.34,115320.72
thetaBiquatBasis,4,114801.34,112841.87342972634
raw,4,114950.0,115290.7
thetaBiquatBasis,4,114950.0,112815.81778672207
raw,4,115113.08,115212.11
thetaBiquatBasis,4,115113.08,112661.06579943476
raw,4,115127.04,115254.23
thetaBiquatBasis,4,115127.04,112638.83816717577
raw,4,114986.55,114801.34
thetaBiquatBasis,4,114986.55,112815.48967301709
raw,4,114884.69,114950.0
thetaBiquatBasis,4,114884.69,112888.98045907317
raw,4,114794.43,115113.08
thetaBiquatBasis,4,114794.43,112680.09185781475
raw,4,114810.62,115127.04
thetaBiquatBasis,4,114810.62,112761.52162675365
raw,4,114550.0,114986.55
thetaBiquatBasis,4,114550.0,112793.67334490133
raw,4,113643.33,114884.69
thetaBiquatBasis,4,113643.33,112771.8886612424
raw,4,114082.25,114794.43
thetaBiquatBasis,4,114082.25,112909.77317361446
raw,4,114180.0,114810.62
thetaBiquatBasis,4,114180.0,112954.11782531883
raw,4,114377.05,114550.0
thetaBiquatBasis,4,114377.05,112729.03679492066
raw,4,114353.92,113643.33
thetaBiquatBasis,4,114353.92,112680.01550288568
raw,4,114521.39,114082.25
thetaBiquatBasis,4,114521.39,112534.29162518782
raw,4,114412.26,114180.0
thetaBiquatBasis,4,114412.26,112526.95491914597
raw,4,114372.06,114377.05
thetaBiquatBasis,4,114372.06,112714.98207405415
raw,4,114345.7,114353.92
thetaBiquatBasis,4,114345.7,112801.32096176341
raw,4,114952.06,114521.39
thetaBiquatBasis,4,114952.06,112625.05894603473
raw,4,115345.79,114412.26
thetaBiquatBasis,4,115345.79,112660.11550373405
raw,4,114965.27,114372.06
thetaBiquatBasis,4,114965.27,112705.53619874049
raw,4,114318.48,114345.7
thetaBiquatBasis,4,114318.48,112665.69774070266
raw,4,114547.0,114952.06
thetaBiquatBasis,4,114547.0,112746.7934031481
raw,4,114036.63,115345.79
thetaBiquatBasis,4,114036.63,112813.52950738305
raw,4,114418.31,114965.27
thetaBiquatBasis,4,114418.31,112724.90248128829
raw,4,114259.37,114318.48
thetaBiquatBasis,4,114259.37,112783.23855757527
raw,4,114174.85,114547.0
thetaBiquatBasis,4,114174.85,112816.28280381845
raw,4,114312.1,114036.63
thetaBiquatBasis,4,114312.1,112703.73260063275
raw,4,114912.79,114418.31
thetaBiquatBasis,4,114912.79,112760.71532468832
raw,4,114457.27,114259.37
thetaBiquatBasis,4,114457.27,112833.884697891
raw,4,114392.02,114174.85
thetaBiquatBasis,4,114392.02,112719.57636091
raw,4,114669.24,114312.1
thetaBiquatBasis,4,114669.24,112744.86397134638
raw,4,114575.17,114912.79
thetaBiquatBasis,4,114575.17,112783.90721358296
raw,4,114546.0,114457.27
thetaBiquatBasis,4,114546.0,112756.85385768085
raw,4,114458.37,114392.02
thetaBiquatBasis,4,114458.37,112772.82579260635
raw,4,115040.55,114669.24
thetaBiquatBasis,4,115040.55,112810.18104023785
raw,4,114751.33,114575.17
thetaBiquatBasis,4,114751.33,112785.00386524177
raw,4,115258.4,114546.0
thetaBiquatBasis,4,115258.4,112881.97885368246
raw,4,115205.07,114458.37
thetaBiquatBasis,4,115205.07,112902.37028783927
raw,4,115160.63,115040.55
thetaBiquatBasis,4,115160.63,112776.81874329352
raw,4,115268.95,114751.33
thetaBiquatBasis,4,115268.95,112846.31142219758
raw,4,115602.3,115258.4
thetaBiquatBasis,4,115602.3,112974.90394136202
raw,4,115700.05,115205.07
thetaBiquatBasis,4,115700.05,112871.78473717238
raw,4,115792.84,115160.63
thetaBiquatBasis,4,115792.84,112894.70569950738
raw,4,115650.17,115268.95
thetaBiquatBasis,4,115650.17,112954.09126655872
raw,4,115493.17,115602.3
thetaBiquatBasis,4,115493.17,112881.90896518299
raw,4,115456.3,115700.05
thetaBiquatBasis,4,115456.3,112885.48091597302
raw,4,115713.37,115792.84
thetaBiquatBasis,4,115713.37,112871.40918641107
raw,4,115635.94,115650.17
thetaBiquatBasis,4,115635.94,112872.81673754888
raw,4,115632.35,115493.17
thetaBiquatBasis,4,115632.35,112995.83309331379
raw,4,115621.78,115456.3
thetaBiquatBasis,4,115621.78,113063.23394188673
raw,4,115700.0,115713.37
thetaBiquatBasis,4,115700.0,112935.13238665118
raw,4,115741.08,115635.94
thetaBiquatBasis,4,115741.08,112982.53132151681
raw,4,115583.04,115632.35
thetaBiquatBasis,4,115583.04,113109.77808636741
raw,4,115559.62,115621.78
thetaBiquatBasis,4,115559.62,113030.24357782996
raw,4,115507.19,115700.0
thetaBiquatBasis,4,115507.19,113065.63739017627
raw,4,115347.94,115741.08
thetaBiquatBasis,4,115347.94,113089.66498962624
raw,4,115388.11,115583.04
thetaBiquatBasis,4,115388.11,113024.27886176688
raw,4,115185.68,115559.62
thetaBiquatBasis,4,115185.68,113051.04311025114
raw,4,115166.0,115507.19
thetaBiquatBasis,4,115166.0,113034.37519299274
raw,4,115226.15,115347.94
thetaBiquatBasis,4,115226.15,113031.09704189045
raw,4,115209.22,115388.11
thetaBiquatBasis,4,115209.22,113151.53674639219
raw,4,115165.99,115185.68
thetaBiquatBasis,4,115165.99,113203.98570171226
raw,4,114959.03,115166.0
thetaBiquatBasis,4,114959.03,113100.46884788669
raw,4,114675.12,115226.15
thetaBiquatBasis,4,114675.12,113156.531615211
raw,4,114565.07,115209.22
thetaBiquatBasis,4,114565.07,113316.59592176747
raw,4,114519.44,115165.99
thetaBiquatBasis,4,114519.44,113260.1889746191
raw,4,114274.57,114959.03
thetaBiquatBasis,4,114274.57,113300.24374422741
raw,4,114093.98,114675.12
thetaBiquatBasis,4,114093.98,113333.59701772046
raw,4,114013.98,114565.07
thetaBiquatBasis,4,114013.98,113265.87281333804
raw,4,113860.51,114519.44
thetaBiquatBasis,4,113860.51,113262.41855892725
raw,4,113647.05,114274.57
thetaBiquatBasis,4,113647.05,113222.1568943949
raw,4,113500.82,114093.98
thetaBiquatBasis,4,113500.82,113213.84066745629
raw,4,113329.53,114013.98
thetaBiquatBasis,4,113329.53,113326.58371888095
raw,4,113497.22,113860.51
thetaBiquatBasis,4,113497.22,113368.3317432404
raw,4,113500.0,113647.05
thetaBiquatBasis,4,113500.0,113259.65156056243
raw,4,113430.01,113500.82
thetaBiquatBasis,4,113430.01,113314.44809991325
raw,4,113495.9,113329.53
thetaBiquatBasis,4,113495.9,113448.99816743066
raw,4,113181.64,113497.22
thetaBiquatBasis,4,113181.64,113372.93411318026
raw,4,113062.09,113500.0
thetaBiquatBasis,4,113062.09,113418.89598187877
raw,4,113517.56,113430.01
thetaBiquatBasis,4,113517.56,113436.45070191333
raw,4,113031.91,113495.9
thetaBiquatBasis,4,113031.91,113363.96698145787
raw,4,112492.48,113181.64
thetaBiquatBasis,4,112492.48,113341.65563449607
raw,4,112493.11,113062.09
thetaBiquatBasis,4,112493.11,113294.69491835593
raw,4,112552.85,113517.56
thetaBiquatBasis,4,112552.85,113278.93822133314
raw,4,112282.32,113031.91
thetaBiquatBasis,4,112282.32,113392.94410995499
raw,4,111837.38,112492.48
thetaBiquatBasis,4,111837.38,113409.42076394189
raw,4,111987.38,112493.11
thetaBiquatBasis,4,111987.38,113317.0519844852
raw,4,111948.01,112552.85
thetaBiquatBasis,4,111948.01,113367.77469369349
raw,4,112079.14,112282.32
thetaBiquatBasis,4,112079.14,113493.28476563338
raw,4,111668.97,111837.38
thetaBiquatBasis,4,111668.97,113427.69211109239
raw,4,111724.41,111987.38
thetaBiquatBasis,4,111724.41,113466.54782332598
raw,4,111884.76,111948.01
thetaBiquatBasis,4,111884.76,113474.27111995788
raw,4,111973.1,112079.14
thetaBiquatBasis,4,111973.1,113426.42350275253
raw,4,112081.87,111668.97
thetaBiquatBasis,4,112081.87,113388.91743486357
raw,4,111803.33,111724.41
thetaBiquatBasis,4,111803.33,113314.79535280072
raw,4,111774.34,111884.76
thetaBiquatBasis,4,111774.34,113302.80197752042
raw,4,111767.91,111973.1
thetaBiquatBasis,4,111767.91,113405.81406856042
raw,4,111513.94,112081.87
thetaBiquatBasis,4,111513.94,113413.1069322179
raw,4,111287.89,111803.33
thetaBiquatBasis,4,111287.89,113312.17246734425
raw,4,110951.89,111774.34
thetaBiquatBasis,4,110951.89,113377.0213334019
raw,4,110378.14,111767.91
thetaBiquatBasis,4,110378.14,113487.97050155309
raw,4,110377.22,111513.94
thetaBiquatBasis,4,110377.22,113440.68492820267
raw,4,110623.58,111287.89
thetaBiquatBasis,4,110623.58,113473.80778478617
raw,4,111355.24,110951.89
thetaBiquatBasis,4,111355.24,113468.47254756629
raw,4,111480.83,110378.14
thetaBiquatBasis,4,111480.83,113418.22445723147
raw,4,111332.77,110377.22
thetaBiquatBasis,4,111332.77,113381.79410092463
raw,4,111313.98,110623.58
thetaBiquatBasis,4,111313.98,113316.31387726084
raw,4,111256.26,111355.24
thetaBiquatBasis,4,111256.26,113293.17147492568
raw,4,111248.91,111480.83
thetaBiquatBasis,4,111248.91,113400.02118285577
raw,4,110883.3,111332.77
thetaBiquatBasis,4,110883.3,113407.07927095535
raw,4,110803.28,111313.98
thetaBiquatBasis,4,110803.28,113292.89247575685
raw,4,110700.0,111256.26
thetaBiquatBasis,4,110700.0,113345.24136724655
raw,4,110753.65,111248.91
thetaBiquatBasis,4,110753.65,113458.5128961514
raw,4,110680.0,110883.3
thetaBiquatBasis,4,110680.0,113392.42737899616
raw,4,111014.38,110803.28
thetaBiquatBasis,4,111014.38,113441.2716316056
raw,4,111670.14,110700.0
thetaBiquatBasis,4,111670.14,113442.056874388
raw,4,111818.85,110753.65
thetaBiquatBasis,4,111818.85,113441.33436670496
raw,4,111824.12,110680.0
thetaBiquatBasis,4,111824.12,113422.82969157808
raw,4,111435.21,111014.38
thetaBiquatBasis,4,111435.21,113363.20519246242
raw,4,111199.62,111670.14
thetaBiquatBasis,4,111199.62,113344.0761238955
raw,4,111507.29,111818.85
thetaBiquatBasis,4,111507.29,113457.93866802959
raw,4,112137.51,111824.12
thetaBiquatBasis,4,112137.51,113428.31495089785
raw,4,112900.43,111435.21
thetaBiquatBasis,4,112900.43,113301.7863027929
raw,4,112509.99,111199.62
thetaBiquatBasis,4,112509.99,113340.94332175661
raw,4,112732.8,111507.29
thetaBiquatBasis,4,112732.8,113446.68535015211
raw,4,112756.86,112137.51
thetaBiquatBasis,4,112756.86,113384.08362385952
raw,4,112328.83,112900.43
thetaBiquatBasis,4,112328.83,113421.22792314328
raw,4,112751.66,112509.99
thetaBiquatBasis,4,112751.66,113440.68119652965
raw,4,112780.71,112732.8
thetaBiquatBasis,4,112780.71,113478.0771863185
raw,4,112686.89,112756.86
thetaBiquatBasis,4,112686.89,113464.20919782846
raw,4,112774.97,112328.83
thetaBiquatBasis,4,112774.97,113409.83895495617
raw,4,113260.71,112751.66
thetaBiquatBasis,4,113260.71,113381.73374860903
raw,4,113153.72,112780.71
thetaBiquatBasis,4,113153.72,113499.41105790908
raw,4,112849.06,112686.89
thetaBiquatBasis,4,112849.06,113503.66581894214
raw,4,112861.36,112774.97
thetaBiquatBasis,4,112861.36,113415.84234599385
raw,4,113176.0,113260.71
thetaBiquatBasis,4,113176.0,113496.12831320538
raw,4,113371.33,113153.72
thetaBiquatBasis,4,113371.33,113564.7580808178
raw,4,112104.75,112849.06
thetaBiquatBasis,4,112104.75,113515.94869964814
raw,4,112613.7,112861.36
thetaBiquatBasis,4,112613.7,113552.16492790877
raw,4,112559.99,113176.0
thetaBiquatBasis,4,112559.99,113552.59874396393
raw,4,112810.01,113371.33
thetaBiquatBasis,4,112810.01,113602.41802445223
raw,4,112874.97,112104.75
thetaBiquatBasis,4,112874.97,113575.31721839457
raw,4,112992.87,112613.7
thetaBiquatBasis,4,112992.87,113526.17410196472
raw,4,112746.13,112559.99
thetaBiquatBasis,4,112746.13,113508.2074482746
raw,4,112981.35,112810.01
thetaBiquatBasis,4,112981.35,113620.95423801875
raw,4,113093.39,112874.97
thetaBiquatBasis,4,113093.39,113608.1124083306
raw,4,113128.7,112992.87
thetaBiquatBasis,4,113128.7,113506.04991585361
raw,4,113440.01,112746.13
thetaBiquatBasis,4,113440.01,113600.19296689118
raw,4,113184.64,112981.35
thetaBiquatBasis,4,113184.64,113664.79798330434
raw,4,112943.79,113093.39
thetaBiquatBasis,4,112943.79,113622.6128691687
raw,4,113211.87,113128.7
thetaBiquatBasis,4,113211.87,113580.93452125313
raw,4,113445.13,113440.01
thetaBiquatBasis,4,113445.13,113604.44778168724
raw,4,113426.01,113184.64
thetaBiquatBasis,4,113426.01,113662.57227145923
raw,4,113266.49,112943.79
thetaBiquatBasis,4,113266.49,113633.70243772131
raw,4,113028.14,113211.87
thetaBiquatBasis,4,113028.14,113589.78501821452
raw,4,112792.35,113445.13
thetaBiquatBasis,4,112792.35,113569.75454929515
raw,4,112827.59,113426.01
thetaBiquatBasis,4,112827.59,113664.29660553101
raw,4,112937.72,113266.49
thetaBiquatBasis,4,112937.72,113658.0042917706
raw,4,112993.86,113028.14
thetaBiquatBasis,4,112993.86,113570.95844449288
raw,4,112726.98,112792.35
thetaBiquatBasis,4,112726.98,113668.89243119695
raw,4,112482.06,112827.59
thetaBiquatBasis,4,112482.06,113753.30834539677
raw,4,112511.47,112937.72
thetaBiquatBasis,4,112511.47,113697.291358826
raw,4,112738.17,112993.86
thetaBiquatBasis,4,112738.17,113645.6535047969
raw,4,112955.48,112726.98
thetaBiquatBasis,4,112955.48,113684.76528613572
raw,4,113568.96,112482.06
thetaBiquatBasis,4,113568.96,113754.52880330393
raw,4,113030.64,112511.47
thetaBiquatBasis,4,113030.64,113712.9366349471
raw,4,112809.94,112738.17
thetaBiquatBasis,4,112809.94,113669.14111460387
raw,4,112486.44,112955.48
thetaBiquatBasis,4,112486.44,113651.52776710586
raw,4,112260.0,113568.96
thetaBiquatBasis,4,112260.0,113740.09793393585
raw,4,112019.99,113030.64
thetaBiquatBasis,4,112019.99,113726.50897549762
raw,4,112024.29,112809.94
thetaBiquatBasis,4,112024.29,113633.6902855553
raw,4,112019.1,112486.44
thetaBiquatBasis,4,112019.1,113723.97906306056
raw,4,112180.14,112260.0
thetaBiquatBasis,4,112180.14,113795.01022898234
raw,4,112206.73,112019.99
thetaBiquatBasis,4,112206.73,113738.62800789012
raw,4,112344.81,112024.29
thetaBiquatBasis,4,112344.81,113689.78585804174
raw,4,112487.1,112019.1
thetaBiquatBasis,4,112487.1,113736.50475599202
raw,4,112309.89,112180.14
thetaBiquatBasis,4,112309.89,113806.5144532141
raw,4,112550.9,112206.73
thetaBiquatBasis,4,112550.9,113800.02979032407
raw,4,112431.95,112344.81
thetaBiquatBasis,4,112431.95,113718.93341722905
raw,4,112229.93,112487.1
thetaBiquatBasis,4,112229.93,113697.3172262377
raw,4,111944.0,112309.89
thetaBiquatBasis,4,111944.0,113756.85793661696
raw,4,112320.27,112550.9
thetaBiquatBasis,4,112320.27,113738.66898389722
raw,4,112460.47,112431.95
thetaBiquatBasis,4,112460.47,113642.33695854736
raw,4,112489.33,112229.93
thetaBiquatBasis,4,112489.33,113735.15477163439
raw,4,112349.24,111944.0
thetaBiquatBasis,4,112349.24,113799.3231066582
raw,4,112434.83,112320.27
thetaBiquatBasis,4,112434.83,113762.58417366407
raw,4,112584.5,112460.47
thetaBiquatBasis,4,112584.5,113708.28203710377
raw,4,112921.42,112489.33
thetaBiquatBasis,4,112921.42,113786.37561221357
raw,4,113124.97,112349.24
thetaBiquatBasis,4,113124.97,113857.49580917734
raw,4,113225.87,112434.83
thetaBiquatBasis,4,113225.87,113839.48831992873
raw,4,112944.85,112584.5
thetaBiquatBasis,4,112944.85,113773.75330541485
raw,4,112959.33,112921.42
thetaBiquatBasis,4,112959.33,113701.78629436088
raw,4,112600.0,113124.97
thetaBiquatBasis,4,112600.0,113709.78189203957
raw,4,112550.31,113225.87
thetaBiquatBasis,4,112550.31,113680.31250243503
raw,4,112564.01,112944.85
thetaBiquatBasis,4,112564.01,113625.60462969702
raw,4,112579.69,112959.33
thetaBiquatBasis,4,112579.69,113700.02487435659
raw,4,112397.99,112600.0
thetaBiquatBasis,4,112397.99,113732.14807000957
raw,4,112332.16,112550.31
thetaBiquatBasis,4,112332.16,113700.65382753924
raw,4,112266.71,112564.01
thetaBiquatBasis,4,112266.71,113622.17600630056
raw,4,112269.65,112579.69
thetaBiquatBasis,4,112269.65,113715.6685701326
raw,4,112049.37,112397.99
thetaBiquatBasis,4,112049.37,113791.03259160512
raw,4,112099.65,112332.16
thetaBiquatBasis,4,112099.65,113781.77601831077
raw,4,111905.73,112266.71
thetaBiquatBasis,4,111905.73,113720.9833503108
raw,4,111992.58,112269.65
thetaBiquatBasis,4,111992.58,113661.06536119246
raw,4,111469.76,112049.37
thetaBiquatBasis,4,111469.76,113658.00667986932
raw,4,111605.35,112099.65
thetaBiquatBasis,4,111605.35,113618.68493965876
raw,4,111711.25,111905.73
thetaBiquatBasis,4,111711.25,113574.58082947074
raw,4,111469.37,111992.58
thetaBiquatBasis,4,111469.37,113637.40966171958
raw,4,111431.55,111469.76
thetaBiquatBasis,4,111431.55,113647.97672513351
raw,4,111337.73,111605.35
thetaBiquatBasis,4,111337.73,113610.55869450458
raw,4,111389.0,111711.25
thetaBiquatBasis,4,111389.0,113534.33179955516
raw,4,112032.33,111469.37
thetaBiquatBasis,4,112032.33,113616.83198376192
raw,4,111918.76,111431.55
thetaBiquatBasis,4,111918.76,113679.96080639637
raw,4,111300.73,111337.73
thetaBiquatBasis,4,111300.73,113630.27528431607
raw,4,111059.76,111389.0
thetaBiquatBasis,4,111059.76,113577.85588199669
raw,4,110838.61,112032.33
thetaBiquatBasis,4,110838.61,113517.14932052421
raw,4,111188.48,111918.76
thetaBiquatBasis,4,111188.48,113497.59973295146
raw,4,110732.0,111300.73
thetaBiquatBasis,4,110732.0,113452.80990307039
raw,4,110798.01,111059.76
thetaBiquatBasis,4,110798.01,113430.89240540871
raw,4,110930.28,110838.61
thetaBiquatBasis,4,110930.28,113486.4188377101
raw,4,110971.33,111188.48
thetaBiquatBasis,4,110971.33,113462.01503039697
raw,4,110694.04,110732.0
thetaBiquatBasis,4,110694.04,113429.50221800005
raw,4,110748.0,110798.01
thetaBiquatBasis,4,110748.0,113341.3672360637
raw,4,110270.52,110930.28
thetaBiquatBasis,4,110270.52,113434.33695259024
raw,4,110404.11,110971.33
thetaBiquatBasis,4,110404.11,113543.77611410379
raw,4,110716.88,110694.04
thetaBiquatBasis,4,110716.88,113471.87112771346
raw,4,111186.78,110748.0
thetaBiquatBasis,4,111186.78,113403.45508549578
raw,4,110983.0,110270.52
thetaBiquatBasis,4,110983.0,113331.4809291193
raw,4,111213.71,110404.11
thetaBiquatBasis,4,111213.71,113288.04709761214
raw,4,111167.34,110716.88
thetaBiquatBasis,4,111167.34,113260.89817371257
raw,4,111444.76,111186.78
thetaBiquatBasis,4,111444.76,113221.16119647992
raw,4,111225.85,110983.0
thetaBiquatBasis,4,111225.85,113272.95095533192
raw,4,111496.02,111213.71
thetaBiquatBasis,4,111496.02,113259.64760313425
raw,4,111306.0,111167.34
thetaBiquatBasis,4,111306.0,113208.99437991425
raw,4,111271.73,111444.76
thetaBiquatBasis,4,111271.73,113104.36656010651
raw,4,111414.18,111225.85
thetaBiquatBasis,4,111414.18,113197.89342202031
raw,4,111060.54,111496.02
thetaBiquatBasis,4,111060.54,113302.94640669784
raw,4,111279.34,111306.0
thetaBiquatBasis,4,111279.34,113242.98663392063
raw,4,111109.76,111271.73
thetaBiquatBasis,4,111109.76,113184.11342505418
raw,4,110810.56,111414.18
thetaBiquatBasis,4,110810.56,113134.66254579727
raw,4,110976.22,111060.54
thetaBiquatBasis,4,110976.22,113074.32590810976
raw,4,111109.66,111279.34
thetaBiquatBasis,4,111109.66,113073.1173918471
raw,4,110854.19,111109.76
thetaBiquatBasis,4,110854.19,113045.10993705914
raw,4,111064.91,110810.56
thetaBiquatBasis,4,111064.91,113112.17203362373
raw,4,111167.75,110976.22
thetaBiquatBasis,4,111167.75,113092.87442963923
raw,4,111204.56,111109.66
thetaBiquatBasis,4,111204.56,113058.73544197333
raw,4,110667.97,110854.19
thetaBiquatBasis,4,110667.97,112946.73286079115
raw,4,110855.06,111064.91
thetaBiquatBasis,4,110855.06,113034.25452219334
raw,4,110880.0,111167.75
thetaBiquatBasis,4,110880.0,113144.57369766184
raw,4,110941.99,111204.56
thetaBiquatBasis,4,110941.99,113069.02062371452
raw,4,110763.28,110667.97
thetaBiquatBasis,4,110763.28,113026.83165578404
raw,4,110550.01,110855.06
thetaBiquatBasis,4,110550.01,112967.89794817672
raw,4,110784.75,110880.0
thetaBiquatBasis,4,110784.75,112885.29994612212
raw,4,110368.05,110941.99
thetaBiquatBasis,4,110368.05,112876.74760575147
raw,4,110431.27,110763.28
thetaBiquatBasis,4,110431.27,112859.72630713147
raw,4,111005.02,110550.01
thetaBiquatBasis,4,111005.02,112904.21846567506
raw,4,110893.3,110784.75
thetaBiquatBasis,4,110893.3,112886.45800349221
raw,4,111021.47,110368.05
thetaBiquatBasis,4,111021.47,112852.73328613616
raw,4,111299.99,110431.27
thetaBiquatBasis,4,111299.99,112745.5249607249
raw,4,111345.82,111005.02
thetaBiquatBasis,4,111345.82,112808.93573913287
raw,4,111400.0,110893.3
thetaBiquatBasis,4,111400.0,112931.92343394383
raw,4,111344.46,111021.47
thetaBiquatBasis,4,111344.46,112858.98749125045
raw,4,111510.43,111299.99
thetaBiquatBasis,4,111510.43,112823.4928117723
raw,4,111493.0,111345.82
thetaBiquatBasis,4,111493.0,112754.04340937333
raw,4,111730.04,111400.0
thetaBiquatBasis,4,111730.04,112682.85585260743
raw,4,111564.23,111344.46
thetaBiquatBasis,4,111564.23,112678.4025559962
raw,4,111329.48,111510.43
thetaBiquatBasis,4,111329.48,112633.77277347053
raw,4,111594.02,111493.0
thetaBiquatBasis,4,111594.02,112680.61064599868
raw,4,111550.57,111730.04
thetaBiquatBasis,4,111550.57,112696.86151445674
raw,4,110998.34,111564.23
thetaBiquatBasis,4,110998.34,112662.66729335915
raw,4,110966.03,111329.48
thetaBiquatBasis,4,110966.03,112565.86040139863
raw,4,111116.3,111594.02
thetaBiquatBasis,4,111116.3,112641.76307269456
raw,4,111054.72,111550.57
thetaBiquatBasis,4,111054.72,112779.34358640495
raw,4,111360.01,110998.34
thetaBiquatBasis,4,111360.01,112752.16227098176
raw,4,110951.14,110966.03
thetaBiquatBasis,4,110951.14,112693.12197240588
raw,4,110938.47,111116.3
thetaBiquatBasis,4,110938.47,112626.92113819647
raw,4,111316.46,111054.72
thetaBiquatBasis,4,111316.46,112545.52025621434
raw,4,111348.56,111360.01
thetaBiquatBasis,4,111348.56,112553.45596807619
raw,4,111666.83,110951.14
thetaBiquatBasis,4,111666.83,112492.95576800087
raw,4,111402.58,110938.47
thetaBiquatBasis,4,111402.58,112533.81178020552
raw,4,110771.28,111316.46
thetaBiquatBasis,4,110771.28,112564.57401664599
raw,4,110910.32,111348.56
thetaBiquatBasis,4,110910.32,112529.56595339348
raw,4,110584.2,111666.83
thetaBiquatBasis,4,110584.2,112377.58825177408
raw,4,110656.0,111402.58
thetaBiquatBasis,4,110656.0,112433.20337222854
raw,4,110551.89,110771.28
thetaBiquatBasis,4,110551.89,112596.05951352135
raw,4,110720.0,110910.32
thetaBiquatBasis,4,110720.0,112596.74528529664
raw,4,110817.5,110584.2
thetaBiquatBasis,4,110817.5,112541.36069471505
raw,4,110841.34,110656.0
thetaBiquatBasis,4,110841.34,112479.99317319712
raw,4,110680.1,110551.89
thetaBiquatBasis,4,110680.1,112379.81376968301
raw,4,111230.0,110720.0
thetaBiquatBasis,4,111230.0,112413.31747204749
raw,4,111146.31,110817.5
thetaBiquatBasis,4,111146.31,112358.37060761653
raw,4,111375.83,110841.34
thetaBiquatBasis,4,111375.83,112407.84661041657
raw,4,111353.56,110680.1
thetaBiquatBasis,4,111353.56,112397.42133380704
raw,4,111437.22,111230.0
thetaBiquatBasis,4,111437.22,112354.04283141973
raw,4,111469.63,111146.31
thetaBiquatBasis,4,111469.63,112211.79316879765
raw,4,111422.96,111375.83
thetaBiquatBasis,4,111422.96,112238.67788805853
raw,4,111112.14,111353.56
thetaBiquatBasis,4,111112.14,112409.43260394756
raw,4,111152.07,111437.22
thetaBiquatBasis,4,111152.07,112406.54980162902
raw,4,111404.72,111469.63
thetaBiquatBasis,4,111404.72,112363.3432499723
raw,4,111535.16,111422.96
thetaBiquatBasis,4,111535.16,112278.8958091157
raw,4,111419.94,111112.14
thetaBiquatBasis,4,111419.94,112193.6239850575
raw,4,111526.07,111152.07
thetaBiquatBasis,4,111526.07,112195.3034859811
raw,4,111519.07,111404.72
thetaBiquatBasis,4,111519.07,112169.081778366
raw,4,111300.96,111535.16
thetaBiquatBasis,4,111300.96,112216.6887285561
raw,4,111141.36,111419.94
thetaBiquatBasis,4,111141.36,112212.03486953067
raw,4,111319.42,111526.07
thetaBiquatBasis,4,111319.42,112151.72211387317
raw,4,110860.0,111519.07
thetaBiquatBasis,4,110860.0,112008.80151587073
raw,4,110227.08,111300.96
thetaBiquatBasis,4,110227.08,112032.81097411734
raw,4,110343.41,111141.36
thetaBiquatBasis,4,110343.41,112208.13710899616
raw,4,111352.01,111319.42
thetaBiquatBasis,4,111352.01,112197.92957038198
raw,4,110529.34,110860.0
thetaBiquatBasis,4,110529.34,112158.38013997028
raw,4,110587.95,110227.08
thetaBiquatBasis,4,110587.95,112073.72220595463
raw,4,110044.97,110343.41
thetaBiquatBasis,4,110044.97,111998.34893466058
raw,4,109240.7,111352.01
thetaBiquatBasis,4,109240.7,111994.7127214542
raw,4,108549.21,110529.34
thetaBiquatBasis,4,108549.21,111974.04811483843
raw,4,108563.87,110587.95
thetaBiquatBasis,4,108563.87,112017.59698878658
raw,4,108133.98,110044.97
thetaBiquatBasis,4,108133.98,112000.60082598138
raw,4,108084.0,109240.7
thetaBiquatBasis,4,108084.0,111940.21372647509
raw,4,109232.43,108549.21
thetaBiquatBasis,4,109232.43,111806.88738541445
raw,4,108490.59,108563.87
thetaBiquatBasis,4,108490.59,111811.51640615186
raw,4,108817.74,108133.98
thetaBiquatBasis,4,108817.74,111964.28686720275
raw,4,108533.63,108084.0
thetaBiquatBasis,4,108533.63,111957.70595900109
raw,4,108276.7,109232.43
thetaBiquatBasis,4,108276.7,111975.82446214672
raw,4,107897.12,108490.59
thetaBiquatBasis,4,107897.12,111852.92900497699
raw,4,107865.79,108817.74
thetaBiquatBasis,4,107865.79,111777.48238152091
raw,4,108458.19,108533.63
thetaBiquatBasis,4,108458.19,111748.79626402428
raw,4,108656.19,108276.7
thetaBiquatBasis,4,108656.19,111691.89171064366
raw,4,108055.68,107897.12
thetaBiquatBasis,4,108055.68,111712.36778649631
raw,4,107925.43,107865.79
thetaBiquatBasis,4,107925.43,111709.58918985358
raw,4,107979.99,108458.19
thetaBiquatBasis,4,107979.99,111633.97166034998
raw,4,108197.66,108656.19
thetaBiquatBasis,4,108197.66,111500.43817417673
raw,4,108079.95,108055.68
thetaBiquatBasis,4,108079.95,111571.41462537198
raw,4,107973.06,107925.43
thetaBiquatBasis,4,107973.06,111697.45901207428
raw,4,107796.37,107979.99
thetaBiquatBasis,4,107796.37,111710.26616510488
raw,4,107838.01,108197.66
thetaBiquatBasis,4,107838.01,111722.16371838268
raw,4,108130.97,108079.95
thetaBiquatBasis,4,108130.97,111597.19826952898
raw,4,108107.99,107973.06
thetaBiquatBasis,4,108107.99,111510.63977881655
raw,4,108283.63,107796.37
thetaBiquatBasis,4,108283.63,111488.61842313498
raw,4,108443.7,107838.01
thetaBiquatBasis,4,108443.7,111451.93809935398
raw,4,108095.01,108130.97
thetaBiquatBasis,4,108095.01,111481.71034333459
raw,4,107970.39,108107.99
thetaBiquatBasis,4,107970.39,111453.66896234974
raw,4,107933.1,108283.63
thetaBiquatBasis,4,107933.1,111368.71146350692
raw,4,107798.85,108443.7
thetaBiquatBasis,4,107798.85,111252.74079690731
raw,4,107982.21,108095.01
thetaBiquatBasis,4,107982.21,111339.77530413793
raw,4,108313.68,107970.39
thetaBiquatBasis,4,108313.68,111438.52549189114
raw,4,108027.48,107933.1
thetaBiquatBasis,4,108027.48,111469.36879407967
raw,4,108194.28,107798.85
thetaBiquatBasis,4,108194.28,111498.53962671045
raw,4,108243.47,107982.21
thetaBiquatBasis,4,108243.47,111375.5270375327
raw,4,108499.99,108313.68
thetaBiquatBasis,4,108499.99,111300.07426018312
raw,4,108673.72,108027.48
thetaBiquatBasis,4,108673.72,111289.84097771352
raw,4,108800.0,108194.28
thetaBiquatBasis,4,108800.0,111282.71199133768
raw,4,108980.45,108243.47
thetaBiquatBasis,4,108980.45,111312.963793704
raw,4,108824.04,108499.99
thetaBiquatBasis,4,108824.04,111270.19294321124
raw,4,108693.19,108673.72
thetaBiquatBasis,4,108693.19,111173.05691458436
raw,4,108839.84,108800.0
thetaBiquatBasis,4,108839.84,111074.84237785
raw,4,108502.8,108980.45
thetaBiquatBasis,4,108502.8,111152.84407284981
raw,4,108425.56,108824.04
thetaBiquatBasis,4,108425.56,111252.68999553332
raw,4,108732.85,108693.19
thetaBiquatBasis,4,108732.85,111295.11088052558
raw,4,108972.97,108839.84
thetaBiquatBasis,4,108972.97,111305.47368672027
raw,4,109047.49,108502.8
thetaBiquatBasis,4,109047.49,111203.66769207087
raw,4,109037.76,108425.56
thetaBiquatBasis,4,109037.76,111131.93778043031
raw,4,108910.45,108732.85
thetaBiquatBasis,4,108910.45,111134.22591608716
raw,4,109176.74,108972.97
thetaBiquatBasis,4,109176.74,111147.46354093029
raw,4,109094.09,109047.49
thetaBiquatBasis,4,109094.09,111194.49293341642
raw,4,108966.35,109037.76
thetaBiquatBasis,4,108966.35,111176.31489410673
raw,4,108910.46,108910.45
thetaBiquatBasis,4,108910.46,111099.05216693255
raw,4,108787.26,109176.74
thetaBiquatBasis,4,108787.26,110994.65050601645
raw,4,108813.73,109094.09
thetaBiquatBasis,4,108813.73,111067.90410524211
raw,4,108832.1,108966.35
thetaBiquatBasis,4,108832.1,111116.85969149572
raw,4,108553.4,108910.46
thetaBiquatBasis,4,108553.4,111149.62204064778
raw,4,108381.76,108787.26
thetaBiquatBasis,4,108381.76,111181.66811851392
raw,4,108329.53,108813.73
thetaBiquatBasis,4,108329.53,111092.19116010824
raw,4,107820.02,108832.1
thetaBiquatBasis,4,107820.02,111026.75838668094
raw,4,107020.0,108553.4
thetaBiquatBasis,4,107020.0,111028.93318871714
raw,4,106741.28,108381.76
thetaBiquatBasis,4,106741.28,111053.51838247749
raw,4,106245.38,108329.53
thetaBiquatBasis,4,106245.38,111117.03868553543
raw,4,106297.6,107820.02
thetaBiquatBasis,4,106297.6,111099.84302256047
raw,4,105759.73,107020.0
thetaBiquatBasis,4,105759.73,111013.9426910977
raw,4,105633.75,106741.28
thetaBiquatBasis,4,105633.75,110910.38672958151
raw,4,105146.19,106245.38
thetaBiquatBasis,4,105146.19,110961.8508315543
raw,4,105173.59,106297.6
thetaBiquatBasis,4,105173.59,110980.84028670719
raw,4,105080.01,105759.73
thetaBiquatBasis,4,105080.01,111007.39597321261
raw,4,104884.38,105633.75
thetaBiquatBasis,4,104884.38,111025.9196908414
raw,4,105243.99,105146.19
thetaBiquatBasis,4,105243.99,110946.78888002405
raw,4,105103.88,105173.59
thetaBiquatBasis,4,105103.88,110890.08747050852
raw,4,105077.18,105080.01
thetaBiquatBasis,4,105077.18,110853.3490097922
raw,4,104531.35,104884.38
thetaBiquatBasis,4,104531.35,110809.82765103238
raw,4,104638.87,105243.99
thetaBiquatBasis,4,104638.87,110823.74615255589
raw,4,104014.6,105103.88
thetaBiquatBasis,4,104014.6,110801.52855922666
raw,4,104410.43,105077.18
thetaBiquatBasis,4,104410.43,110707.50489972142
raw,4,104751.99,104531.35
thetaBiquatBasis,4,104751.99,110577.1904533628
raw,4,105816.0,104638.87
thetaBiquatBasis,4,105816.0,110643.0378198988
raw,4,106257.17,104014.6
thetaBiquatBasis,4,106257.17,110618.6754613418
raw,4,105868.1,104410.43
thetaBiquatBasis,4,105868.1,110645.15251219683
raw,4,105683.72,104751.99
thetaBiquatBasis,4,105683.72,110663.68767345836
raw,4,105743.37,105816.0
thetaBiquatBasis,4,105743.37,110571.04686636754
raw,4,105600.74,106257.17
thetaBiquatBasis,4,105600.74,110508.33929442917
raw,4,105637.74,105868.1
thetaBiquatBasis,4,105637.74,110470.0237061347
raw,4,105350.4,105683.72
thetaBiquatBasis,4,105350.4,110439.73850940468
raw,4,104916.82,105743.37
thetaBiquatBasis,4,104916.82,110427.07947333726
raw,4,105505.06,105600.74
thetaBiquatBasis,4,105505.06,110394.99903631237
raw,4,105326.67,105637.74
thetaBiquatBasis,4,105326.67,110261.94692121842
raw,4,105835.63,105350.4
thetaBiquatBasis,4,105835.63,110210.79462460912
raw,4,105419.59,104916.82
thetaBiquatBasis,4,105419.59,110268.6710820625
raw,4,105066.2,105505.06
thetaBiquatBasis,4,105066.2,110297.53337207827
raw,4,105206.37,105326.67
thetaBiquatBasis,4,105206.37,110333.11278174099
raw,4,105163.42,105835.63
thetaBiquatBasis,4,105163.42,110330.02750414578
raw,4,105481.75,105419.59
thetaBiquatBasis,4,105481.75,110222.99245854048
raw,4,106091.31,105066.2
thetaBiquatBasis,4,106091.31,110174.87486972421
raw,4,106114.82,105206.37
thetaBiquatBasis,4,106114.82,110118.5664681851
raw,4,106803.53,105163.42
thetaBiquatBasis,4,106803.53,110084.7079247784
raw,4,106972.04,105481.75
thetaBiquatBasis,4,106972.04,110056.68461944765
raw,4,106792.6,106091.31
thetaBiquatBasis,4,106792.6,109989.13333936357
raw,4,106609.31,106114.82
thetaBiquatBasis,4,106609.31,109896.25299843683
raw,4,106372.34,106803.53
thetaBiquatBasis,4,106372.34,109848.07500089408
raw,4,106647.25,106972.04
thetaBiquatBasis,4,106647.25,109917.42191268469
raw,4,106218.58,106792.6
thetaBiquatBasis,4,106218.58,109915.36523077068
raw,4,106353.05,106609.31
thetaBiquatBasis,4,106353.05,109935.0270914121
raw,4,106453.27,106372.34
thetaBiquatBasis,4,106453.27,109946.21271657413
raw,4,106589.09,106647.25
thetaBiquatBasis,4,106589.09,109848.48242137965
raw,4,106888.93,106218.58
thetaBiquatBasis,4,106888.93,109826.75144541459
raw,4,106722.68,106353.05
thetaBiquatBasis,4,106722.68,109797.79154044534
raw,4,106647.11,106453.27
thetaBiquatBasis,4,106647.11,109759.80827842277
raw,4,106767.46,106589.09
thetaBiquatBasis,4,106767.46,109761.90726699514
raw,4,106596.79,106888.93
thetaBiquatBasis,4,106596.79,109715.08880867873
raw,4,106453.39,106722.68
thetaBiquatBasis,4,106453.39,109625.3265672368
raw,4,106454.72,106647.11
thetaBiquatBasis,4,106454.72,109567.02003107504
raw,4,106611.61,106767.46
thetaBiquatBasis,4,106611.61,109614.28748024837
raw,4,107027.92,106596.79
thetaBiquatBasis,4,107027.92,109614.97362047227
raw,4,106987.52,106453.39
thetaBiquatBasis,4,106987.52,109585.00942441166
raw,4,107021.37,106454.72
thetaBiquatBasis,4,107021.37,109628.2325946702
raw,4,107393.0,106611.61
thetaBiquatBasis,4,107393.0,109545.78417694406
raw,4,107419.99,107027.92
thetaBiquatBasis,4,107419.99,109545.92553631734
raw,4,107276.79,106987.52
thetaBiquatBasis,4,107276.79,109542.02652138907
raw,4,107301.4,107021.37
thetaBiquatBasis,4,107301.4,109507.55564073165
raw,4,107171.76,107393.0
thetaBiquatBasis,4,107171.76,109505.8513021199
raw,4,107140.34,107419.99
thetaBiquatBasis,4,107140.34,109465.01093139205
raw,4,106912.85,107276.79
thetaBiquatBasis,4,106912.85,109359.4530225255
raw,4,107000.1,107301.4
thetaBiquatBasis,4,107000.1,109293.05176887849
raw,4,106844.01,107171.76
thetaBiquatBasis,4,106844.01,109333.80733568865
raw,4,106593.97,107140.34
thetaBiquatBasis,4,106593.97,109335.18871526777
raw,4,106569.98,106912.85
thetaBiquatBasis,4,106569.98,109333.48730268294
raw,4,106431.68,107000.1
thetaBiquatBasis,4,106431.68,109363.31004646663
raw,4,106362.15,106844.01
thetaBiquatBasis,4,106362.15,109288.13780350122
raw,4,106591.36,106593.97
thetaBiquatBasis,4,106591.36,109315.59574491538
