timestamp,open,high,low,close,volume
1759738500000,123635.78000000,123667.99000000,123581.26000000,123592.17000000,28.49670000
1759738800000,123592.17000000,123702.43000000,123592.16000000,123702.43000000,10.86554000
1759739100000,123702.43000000,123770.00000000,123691.99000000,123760.00000000,33.47987000
1759739400000,123760.00000000,123860.00000000,123759.99000000,123849.97000000,72.94045000
1759739700000,123849.97000000,123849.98000000,123730.24000000,123797.75000000,120.73710000
1759740000000,123797.74000000,123800.00000000,123640.00000000,123675.40000000,52.23485000
1759740300000,123675.40000000,123789.00000000,123655.96000000,123774.51000000,22.12012000
1759740600000,123774.51000000,123831.20000000,123757.15000000,123809.58000000,30.40496000
1759740900000,123809.57000000,123880.00000000,123809.57000000,123846.55000000,31.21928000
1759741200000,123846.56000000,123974.60000000,123830.00000000,123974.60000000,61.93394000
1759741500000,123974.60000000,124032.19000000,123840.00000000,123979.93000000,67.95118000
1759741800000,123979.94000000,124056.73000000,123922.40000000,123941.86000000,64.24067000
1759742100000,123941.86000000,123948.71000000,123896.98000000,123929.10000000,23.85587000
1759742400000,123929.10000000,123949.99000000,123839.07000000,123907.96000000,22.37310000
1759742700000,123907.95000000,123933.34000000,123870.60000000,123907.92000000,53.55671000
1759743000000,123907.93000000,123925.98000000,123876.91000000,123876.91000000,82.90590000
1759743300000,123876.91000000,123908.17000000,123806.69000000,123857.26000000,200.65363000
1759743600000,123857.26000000,123882.96000000,123806.00000000,123806.01000000,97.91224000
1759743900000,123806.00000000,123869.03000000,123779.31000000,123816.99000000,36.01895000
1759744200000,123816.99000000,123916.66000000,123808.52000000,123916.65000000,28.10722000
1759744500000,123916.66000000,124017.41000000,123904.35000000,123955.30000000,51.88786000
1759744800000,123955.29000000,124100.00000000,123955.29000000,124002.23000000,40.34815000
1759745100000,124002.22000000,124040.00000000,123915.92000000,123947.89000000,59.66984000
1759745400000,123947.90000000,124002.43000000,123899.42000000,123955.86000000,29.82986000
1759745700000,123955.87000000,123957.71000000,123926.45000000,123951.31000000,32.98049000
1759746000000,123951.31000000,124082.09000000,123951.30000000,124082.08000000,52.67272000
1759746300000,124082.09000000,124106.95000000,124056.73000000,124096.50000000,28.81874000
1759746600000,124096.50000000,124107.19000000,124026.64000000,124080.00000000,36.06052000
1759746900000,124079.99000000,124090.00000000,124051.38000000,124056.73000000,18.26371000
1759747200000,124056.73000000,124090.00000000,124051.38000000,124077.57000000,21.68680000
1759747500000,124077.58000000,124089.98000000,124070.53000000,124072.37000000,24.05953000
1759747800000,124072.37000000,124142.85000000,124072.36000000,124084.28000000,69.89856000
1759748100000,124084.29000000,124084.29000000,123978.00000000,123978.00000000,45.68986000
1759748400000,123978.00000000,123978.00000000,123813.17000000,123927.08000000,73.79871000
1759748700000,123927.07000000,123999.67000000,123844.20000000,123844.20000000,38.04040000
1759749000000,123844.21000000,123868.91000000,123742.80000000,123742.80000000,28.57902000
1759749300000,123742.80000000,123915.56000000,123735.73000000,123907.28000000,38.97374000
1759749600000,123907.27000000,123955.09000000,123865.90000000,123942.38000000,50.45570000
1759749900000,123942.37000000,124400.00000000,123928.56000000,124365.91000000,172.55501000
1759750200000,124365.91000000,124531.66000000,124100.00000000,124158.43000000,139.48733000
1759750500000,124158.43000000,124268.62000000,124083.83000000,124254.33000000,67.51339000
1759750800000,124254.33000000,124346.82000000,124221.02000000,124299.96000000,140.76764000
1759751100000,124299.97000000,124422.93000000,124209.98000000,124233.81000000,150.10385000
1759751400000,124233.81000000,124294.21000000,124195.96000000,124195.96000000,33.31273000
1759751700000,124195.97000000,124246.00000000,124195.96000000,124215.00000000,26.46926000
1759752000000,124215.00000000,124418.81000000,124178.00000000,124389.08000000,76.99237000
1759752300000,124389.08000000,124505.91000000,124305.30000000,124499.99000000,155.94999000
1759752600000,124499.99000000,124529.39000000,124424.80000000,124424.80000000,204.04505000
1759752900000,124424.80000000,124691.81000000,124424.80000000,124667.79000000,109.10920000
1759753200000,124667.79000000,124691.10000000,124553.06000000,124582.92000000,64.06274000
1759753500000,124582.92000000,124582.93000000,124368.15000000,124382.20000000,55.63901000
1759753800000,124382.20000000,124471.64000000,124369.17000000,124422.18000000,68.10138000
1759754100000,124422.18000000,124462.00000000,124300.00000000,124315.01000000,55.58623000
1759754400000,124315.00000000,124350.00000000,124265.00000000,124340.27000000,49.45415000
1759754700000,124340.28000000,124509.89000000,124325.96000000,124509.89000000,41.05878000
1759755000000,124509.89000000,124587.65000000,124509.88000000,124538.11000000,59.10666000
1759755300000,124538.12000000,124578.64000000,124514.04000000,124556.64000000,38.00389000
1759755600000,124556.65000000,124620.00000000,124556.64000000,124563.30000000,87.23623000
1759755900000,124563.30000000,124752.00000000,124563.30000000,124715.31000000,68.16385000
1759756200000,124715.31000000,124814.00000000,124612.27000000,124693.89000000,67.82416000
1759756500000,124693.89000000,124738.23000000,124551.38000000,124738.22000000,47.86861000
1759756800000,124738.22000000,124858.00000000,124738.22000000,124800.00000000,65.65681000
1759757100000,124800.00000000,124924.05000000,124782.85000000,124848.00000000,101.81678000
1759757400000,124847.99000000,124874.99000000,124492.04000000,124649.15000000,107.22219000
1759757700000,124649.15000000,124844.84000000,124530.00000000,124820.00000000,189.74956000
1759758000000,124820.00000000,124975.19000000,124421.48000000,124565.80000000,188.36299000
1759758300000,124565.80000000,124709.69000000,124385.74000000,124560.00000000,148.84312000
1759758600000,124560.01000000,124756.33000000,124419.19000000,124688.19000000,105.19341000
1759758900000,124688.19000000,125079.85000000,124678.00000000,125031.33000000,228.55335000
1759759200000,125031.34000000,125150.00000000,124874.12000000,125013.24000000,202.62428000
1759759500000,125013.24000000,125289.00000000,124943.59000000,125267.15000000,175.68591000
1759759800000,125267.15000000,125330.00000000,124883.11000000,124970.47000000,202.66903000
1759760100000,124970.47000000,125143.93000000,124874.11000000,124993.72000000,110.19917000
1759760400000,124993.71000000,124993.71000000,124634.84000000,124653.42000000,105.39921000
1759760700000,124653.43000000,124941.44000000,124532.75000000,124851.03000000,98.04238000
1759761000000,124851.03000000,125060.00000000,124851.03000000,124966.75000000,80.18083000
1759761300000,124966.74000000,125050.38000000,124888.53000000,124888.67000000,85.04578000
1759761600000,124888.67000000,124888.67000000,124614.38000000,124738.08000000,75.89842000
1759761900000,124738.07000000,124899.45000000,124727.99000000,124855.75000000,37.10401000
1759762200000,124855.74000000,124855.74000000,124621.49000000,124634.57000000,61.77814000
1759762500000,124634.57000000,124634.57000000,124339.38000000,124530.00000000,97.29068000
1759762800000,124529.99000000,124700.00000000,124513.35000000,124672.68000000,45.53161000
1759763100000,124672.68000000,124724.83000000,124617.24000000,124630.65000000,32.68280000
1759763400000,124630.65000000,124743.79000000,124610.00000000,124724.02000000,42.50306000
1759763700000,124724.01000000,125050.00000000,124724.01000000,125037.34000000,51.74983000
1759764000000,125037.34000000,125408.29000000,125037.34000000,125253.81000000,187.79744000
1759764300000,125253.81000000,125317.41000000,125127.95000000,125172.40000000,104.66272000
1759764600000,125172.41000000,125197.43000000,124975.31000000,125077.30000000,83.01100000
1759764900000,125077.29000000,125279.24000000,125029.29000000,125139.59000000,58.97575000
1759765200000,125139.58000000,125185.16000000,125055.31000000,125077.35000000,47.62014000
1759765500000,125077.36000000,125127.16000000,125000.00000000,125115.14000000,54.12368000
1759765800000,125115.15000000,125237.47000000,125115.14000000,125155.62000000,78.22681000
1759766100000,125155.62000000,125212.00000000,125000.00000000,125000.00000000,65.29161000
1759766400000,125000.00000000,125090.60000000,124905.30000000,124948.00000000,118.18712000
1759766700000,124948.00000000,125072.66000000,124814.74000000,124933.95000000,82.07349000
1759767000000,124933.95000000,124933.95000000,124800.00000000,124851.87000000,50.20638000
1759767300000,124851.87000000,124986.34000000,124851.87000000,124982.35000000,45.49667000
1759767600000,124982.35000000,125000.00000000,124850.00000000,124881.87000000,43.12021000
1759767900000,124881.87000000,124994.21000000,124850.00000000,124879.58000000,44.66866000
1759768200000,124879.57000000,125042.20000000,124874.11000000,125003.62000000,76.28269000
1759768500000,125003.61000000,125206.93000000,124985.88000000,125181.25000000,73.85284000
1759768800000,125181.24000000,125235.00000000,125099.37000000,125209.99000000,62.70003000
1759769100000,125210.00000000,125233.75000000,125183.39000000,125205.76000000,44.12338000
1759769400000,125205.77000000,125249.97000000,125090.59000000,125233.22000000,50.48298000
1759769700000,125233.23000000,125499.63000000,125233.23000000,125455.24000000,220.29141000
1759770000000,125455.25000000,125472.35000000,125341.48000000,125416.98000000,80.25923000
1759770300000,125416.98000000,125580.99000000,125383.90000000,125577.02000000,119.51450000
1759770600000,125577.01000000,125635.16000000,125329.15000000,125442.70000000,282.67366000
1759770900000,125442.70000000,125523.55000000,125405.00000000,125478.38000000,119.23892000
1759771200000,125478.38000000,125819.20000000,125478.38000000,125786.78000000,260.67784000
1759771500000,125786.79000000,125814.27000000,125523.54000000,125653.56000000,149.19517000
1759771800000,125653.57000000,125710.00000000,125316.10000000,125331.48000000,85.60610000
1759772100000,125331.48000000,125332.97000000,125126.67000000,125222.01000000,123.47810000
1759772400000,125222.01000000,125275.44000000,125133.00000000,125160.52000000,58.75194000
1759772700000,125160.53000000,125265.34000000,125140.00000000,125265.33000000,46.71106000
1759773000000,125265.34000000,125484.51000000,125241.19000000,125419.06000000,79.45950000
1759773300000,125419.07000000,125429.55000000,125284.00000000,125284.00000000,45.82714000
1759773600000,125284.01000000,125284.01000000,125044.46000000,125133.91000000,161.67390000
1759773900000,125133.92000000,125295.21000000,125133.91000000,125196.01000000,39.61833000
1759774200000,125196.01000000,125270.00000000,125165.87000000,125243.00000000,46.21566000
1759774500000,125243.01000000,125367.27000000,125243.00000000,125342.42000000,64.64086000
1759774800000,125342.42000000,125369.99000000,125239.80000000,125256.33000000,43.45216000
1759775100000,125256.32000000,125256.32000000,125134.70000000,125208.74000000,26.65235000
1759775400000,125208.73000000,125400.00000000,125200.92000000,125344.15000000,86.54691000
1759775700000,125344.15000000,125415.31000000,125331.82000000,125358.35000000,30.27912000
1759776000000,125358.34000000,125469.57000000,125311.40000000,125448.95000000,28.62504000
1759776300000,125448.94000000,125730.00000000,125434.69000000,125729.99000000,74.07515000
1759776600000,125729.99000000,125940.00000000,125729.99000000,125919.41000000,284.03832000
1759776900000,125919.41000000,126199.63000000,125868.13000000,126011.18000000,554.05545300
1759777200000,126011.18000000,126134.71000000,125681.70000000,125812.04000000,177.24673000
1759777500000,125812.03000000,125937.87000000,125690.13000000,125778.59000000,102.30254000
1759777800000,125778.59000000,125778.59000000,125648.01000000,125648.02000000,49.25152000
1759778100000,125648.02000000,125701.99000000,125430.81000000,125588.09000000,61.80088000
1759778400000,125588.08000000,125690.00000000,125465.99000000,125689.99000000,79.94374000
1759778700000,125690.00000000,125864.78000000,125669.31000000,125669.31000000,44.93100000
1759779000000,125669.31000000,125770.00000000,125621.33000000,125672.00000000,40.41894000
1759779300000,125672.00000000,125672.00000000,125450.00000000,125462.55000000,35.62120000
1759779600000,125462.55000000,125462.56000000,125252.74000000,125391.40000000,80.88031000
1759779900000,125391.40000000,125499.18000000,125280.00000000,125393.79000000,104.41627000
1759780200000,125393.80000000,125422.21000000,125300.10000000,125319.37000000,73.38026000
1759780500000,125319.37000000,125424.00000000,125300.09000000,125410.81000000,69.22669000
1759780800000,125410.80000000,125410.81000000,125316.16000000,125350.29000000,51.99446000
1759781100000,125350.30000000,125534.00000000,125350.29000000,125442.01000000,39.92596000
1759781400000,125442.01000000,125486.00000000,125365.15000000,125366.53000000,35.22695000
1759781700000,125366.54000000,125366.54000000,125108.91000000,125202.76000000,41.92790000
1759782000000,125202.76000000,125205.12000000,125090.11000000,125148.94000000,58.39192000
1759782300000,125148.95000000,125181.97000000,125032.01000000,125137.46000000,64.07267000
1759782600000,125137.46000000,125313.54000000,125090.00000000,125302.66000000,63.19655000
1759782900000,125302.65000000,125325.09000000,125238.88000000,125252.06000000,41.39846000
1759783200000,125252.06000000,125252.07000000,125200.00000000,125200.01000000,14.31214000
1759783500000,125200.00000000,125280.00000000,125171.55000000,125265.74000000,37.66772000
1759783800000,125265.73000000,125317.08000000,125210.00000000,125212.13000000,27.41642000
1759784100000,125212.12000000,125236.52000000,125211.02000000,125211.02000000,36.78920000
1759784400000,125211.03000000,125268.50000000,125180.29000000,125180.30000000,97.65646000
1759784700000,125180.30000000,125180.30000000,125124.79000000,125131.14000000,15.07271000
1759785000000,125131.15000000,125150.00000000,125057.20000000,125057.20000000,123.84264000
1759785300000,125057.20000000,125057.21000000,124850.26000000,124898.35000000,103.15547000
1759785600000,124898.35000000,124916.01000000,124511.15000000,124755.99000000,287.18617000
1759785900000,124755.99000000,125027.28000000,124744.07000000,124789.20000000,57.89499000
1759786200000,124789.19000000,124926.56000000,124627.28000000,124627.30000000,56.20248000
1759786500000,124627.30000000,124991.95000000,124627.29000000,124917.11000000,98.23448000
1759786800000,124917.12000000,125002.35000000,124903.02000000,125002.34000000,17.88623000
1759787100000,125002.35000000,125002.35000000,124938.82000000,124938.83000000,10.30718000
1759787400000,124938.83000000,124938.83000000,124890.93000000,124890.94000000,7.20493000
1759787700000,124890.93000000,125097.86000000,124890.93000000,125097.85000000,32.93928000
1759788000000,125097.86000000,125298.43000000,125090.00000000,125242.93000000,76.92000000
1759788300000,125242.92000000,125242.93000000,125003.99000000,125082.27000000,48.83381000
1759788600000,125082.28000000,125184.70000000,125076.96000000,125161.12000000,17.77455000
1759788900000,125161.12000000,125256.60000000,125161.11000000,125256.59000000,15.64120000
1759789200000,125256.60000000,125279.08000000,125170.35000000,125178.59000000,35.12375000
1759789500000,125178.60000000,125193.11000000,125150.41000000,125175.55000000,13.56106000
1759789800000,125175.54000000,125181.83000000,125032.01000000,125032.01000000,22.26204000
1759790100000,125032.02000000,125053.96000000,124887.42000000,124887.42000000,52.27130000
1759790400000,124886.83000000,124916.00000000,124784.41000000,124890.94000000,57.09734000
1759790700000,124890.94000000,125007.45000000,124890.94000000,124936.00000000,19.72431000
1759791000000,124935.99000000,125125.03000000,124928.30000000,125082.27000000,30.12893000
1759791300000,125082.27000000,125110.22000000,125000.00000000,125039.13000000,27.33229000
1759791600000,125039.13000000,125100.00000000,125000.00000000,125000.01000000,19.24949000
1759791900000,125000.01000000,125000.01000000,124878.22000000,124946.99000000,48.76010000
1759792200000,124946.98000000,124956.00000000,124862.44000000,124862.44000000,15.64292000
1759792500000,124862.45000000,124862.45000000,124784.41000000,124824.99000000,52.83648000
1759792800000,124825.00000000,124825.00000000,124692.49000000,124736.01000000,34.38760000
1759793100000,124736.01000000,124862.45000000,124734.61000000,124846.39000000,17.52928000
1759793400000,124846.40000000,124876.00000000,124804.87000000,124804.87000000,30.55909000
1759793700000,124804.87000000,124812.00000000,124761.41000000,124769.07000000,18.44819000
1759794000000,124769.08000000,124839.37000000,124769.07000000,124771.66000000,29.70778000
1759794300000,124771.67000000,124778.09000000,124670.73000000,124776.74000000,33.77860000
1759794600000,124776.74000000,124776.74000000,124711.99000000,124746.90000000,19.45971000
1759794900000,124746.90000000,124746.90000000,124628.00000000,124658.54000000,43.70386000
1759795200000,124658.54000000,124775.96000000,124621.43000000,124674.40000000,71.68239000
1759795500000,124674.41000000,124805.91000000,124674.00000000,124739.35000000,27.68058000
1759795800000,124739.35000000,124846.64000000,124687.11000000,124766.13000000,37.60057000
1759796100000,124766.14000000,124831.85000000,124710.12000000,124831.84000000,33.38451000
1759796400000,124831.84000000,124849.99000000,124654.46000000,124663.80000000,33.59790000
1759796700000,124663.79000000,124737.39000000,124654.46000000,124697.00000000,23.36517000
1759797000000,124697.00000000,124749.66000000,124600.00000000,124700.20000000,36.27547000
1759797300000,124700.01000000,124734.93000000,124643.26000000,124643.26000000,30.13820000
1759797600000,124643.26000000,124882.51000000,124643.26000000,124882.51000000,22.53006000
1759797900000,124882.50000000,124923.47000000,124766.77000000,124872.23000000,40.98956000
1759798200000,124872.22000000,124925.14000000,124848.51000000,124901.48000000,24.14244000
1759798500000,124901.49000000,124906.26000000,124881.84000000,124900.93000000,17.89987000
1759798800000,124900.93000000,124975.32000000,124878.79000000,124947.46000000,29.45334000
1759799100000,124947.46000000,124989.43000000,124926.01000000,124989.42000000,32.42950000
1759799400000,124989.43000000,125082.27000000,124892.77000000,124892.78000000,91.31161000
1759799700000,124892.78000000,124892.78000000,124607.45000000,124607.45000000,45.60517000
1759800000000,124607.46000000,124607.46000000,124442.87000000,124546.11000000,80.88453000
1759800300000,124546.11000000,124713.98000000,124489.00000000,124713.98000000,60.95515000
1759800600000,124713.98000000,124713.98000000,124556.00000000,124579.86000000,22.06382000
1759800900000,124579.86000000,124678.02000000,124572.14000000,124649.84000000,30.46910000
1759801200000,124649.99000000,124791.66000000,124649.99000000,124779.99000000,26.88285000
1759801500000,124780.00000000,124780.00000000,124579.24000000,124613.99000000,21.10320000
1759801800000,124614.00000000,124630.18000000,124579.24000000,124614.56000000,13.28693000
1759802100000,124614.57000000,124700.00000000,124607.02000000,124699.99000000,15.78949000
1759802400000,124699.99000000,124700.00000000,124582.28000000,124648.65000000,34.09616000
1759802700000,124648.65000000,124674.40000000,124579.24000000,124598.39000000,25.25641000
1759803000000,124598.39000000,124661.96000000,124576.30000000,124576.30000000,33.92372000
1759803300000,124576.30000000,124602.79000000,124500.00000000,124510.22000000,36.88329000
1759803600000,124510.22000000,124510.22000000,124159.22000000,124477.11000000,204.33104000
1759803900000,124477.11000000,124585.74000000,124477.11000000,124560.11000000,37.85465000
1759804200000,124560.12000000,124617.85000000,124544.62000000,124544.63000000,22.63248000
1759804500000,124544.63000000,124544.63000000,124408.00000000,124460.26000000,25.66771000
1759804800000,124460.26000000,124487.90000000,124398.65000000,124462.79000000,14.34996000
1759805100000,124462.79000000,124541.45000000,124422.10000000,124422.10000000,20.88700000
1759805400000,124422.11000000,124514.01000000,124404.43000000,124404.43000000,26.77131000
1759805700000,124404.42000000,124404.43000000,124259.90000000,124259.90000000,42.27448000
1759806000000,124259.91000000,124413.64000000,124259.90000000,124413.64000000,28.59765000
1759806300000,124413.63000000,124413.64000000,124307.07000000,124382.49000000,24.29759000
1759806600000,124382.49000000,124568.44000000,124382.49000000,124484.91000000,41.66351000
1759806900000,124484.90000000,124484.90000000,124293.32000000,124366.14000000,43.87997000
1759807200000,124366.14000000,124400.00000000,124193.74000000,124214.61000000,26.33855000
1759807500000,124214.61000000,124252.91000000,124136.60000000,124152.07000000,58.44351000
1759807800000,124152.08000000,124220.11000000,124101.26000000,124187.95000000,44.99999000
1759808100000,124187.96000000,124294.35000000,124183.61000000,124237.93000000,25.64981000
1759808400000,124237.94000000,124284.00000000,124230.94000000,124268.55000000,29.28931000
1759808700000,124268.55000000,124312.01000000,124257.78000000,124257.78000000,13.82006000
1759809000000,124257.79000000,124311.08000000,124246.23000000,124296.34000000,25.98935000
1759809300000,124296.34000000,124329.74000000,124296.34000000,124329.74000000,16.19087000
1759809600000,124329.74000000,124329.74000000,124200.00000000,124257.49000000,26.13890000
1759809900000,124257.90000000,124276.93000000,124171.43000000,124198.50000000,87.27917000
1759810200000,124198.49000000,124238.67000000,124140.86000000,124175.31000000,27.12529000
1759810500000,124175.31000000,124177.51000000,124109.10000000,124126.62000000,27.66741000
1759810800000,124126.63000000,124260.00000000,124117.59000000,124260.00000000,17.73159000
1759811100000,124259.99000000,124424.01000000,124259.99000000,124424.01000000,31.44062000
1759811400000,124424.01000000,124500.00000000,124398.96000000,124499.99000000,44.53423000
1759811700000,124499.99000000,124654.47000000,124499.99000000,124618.43000000,61.56229000
1759812000000,124618.43000000,124624.08000000,124529.73000000,124591.02000000,23.14668000
1759812300000,124591.02000000,124597.34000000,124512.45000000,124534.99000000,39.13287000
1759812600000,124535.00000000,124589.37000000,124520.00000000,124560.31000000,36.16525000
1759812900000,124560.32000000,124586.64000000,124499.99000000,124500.00000000,16.41912000
1759813200000,124499.99000000,124524.44000000,124361.34000000,124361.34000000,49.42187000
1759813500000,124361.35000000,124486.00000000,124240.37000000,124455.29000000,49.65570000
1759813800000,124455.28000000,124528.86000000,124455.28000000,124478.84000000,29.13034000
1759814100000,124478.84000000,124478.84000000,124379.75000000,124379.76000000,15.41554000
1759814400000,124379.76000000,124490.02000000,124379.75000000,124472.38000000,30.30174000
1759814700000,124472.37000000,124567.04000000,124450.86000000,124473.10000000,15.72553000
1759815000000,124473.11000000,124507.66000000,124441.32000000,124491.40000000,28.26680000
1759815300000,124491.40000000,124590.33000000,124484.33000000,124590.30000000,21.41631000
1759815600000,124590.31000000,124640.76000000,124528.09000000,124544.47000000,64.78408000
1759815900000,124544.48000000,124568.60000000,124379.75000000,124388.75000000,46.62677000
1759816200000,124388.76000000,124436.40000000,124300.01000000,124358.98000000,25.42733000
1759816500000,124358.98000000,124414.18000000,124324.30000000,124414.17000000,48.03496000
1759816800000,124414.17000000,124454.16000000,124390.02000000,124419.01000000,44.19449000
1759817100000,124419.00000000,124460.00000000,124346.13000000,124460.00000000,55.96699000
1759817400000,124459.99000000,124460.00000000,124309.12000000,124309.13000000,28.45478000
1759817700000,124309.13000000,124325.87000000,124235.84000000,124240.00000000,34.00808000
1759818000000,124240.01000000,124260.92000000,124074.28000000,124090.96000000,56.69615000
1759818300000,124090.96000000,124090.96000000,123888.00000000,123891.55000000,150.19392000
1759818600000,123891.55000000,124010.00000000,123888.00000000,123999.55000000,52.97972000
1759818900000,123999.55000000,124031.31000000,123800.09000000,123950.94000000,222.75783000
1759819200000,123950.94000000,123950.95000000,123800.00000000,123871.48000000,32.52817000
1759819500000,123871.47000000,123973.57000000,123822.99000000,123973.56000000,91.23278000
1759819800000,123973.56000000,123992.83000000,123892.84000000,123960.68000000,66.03011000
1759820100000,123960.69000000,123960.69000000,123890.83000000,123890.84000000,27.53541000
1759820400000,123890.84000000,123960.00000000,123880.00000000,123960.00000000,39.12205000
1759820700000,123959.99000000,124038.00000000,123900.00000000,123900.01000000,42.70707000
1759821000000,123900.00000000,123951.65000000,123826.53000000,123833.12000000,30.59876000
1759821300000,123833.11000000,123833.12000000,123620.12000000,123776.78000000,138.82058000
1759821600000,123776.78000000,123848.00000000,123729.89000000,123784.83000000,31.20623000
1759821900000,123784.83000000,123850.00000000,123737.12000000,123850.00000000,37.33960000
1759822200000,123850.00000000,123850.00000000,123750.00000000,123781.45000000,45.83035000
1759822500000,123781.44000000,123781.45000000,123635.13000000,123673.91000000,75.86854000
1759822800000,123673.90000000,123724.00000000,123567.60000000,123688.98000000,109.17856000
1759823100000,123688.97000000,123690.41000000,123610.76000000,123660.28000000,62.37850000
1759823400000,123660.28000000,123687.58000000,123632.22000000,123686.50000000,46.39040000
1759823700000,123686.49000000,123686.50000000,123580.23000000,123667.99000000,70.65644000
1759824000000,123668.00000000,123668.00000000,123562.73000000,123583.20000000,26.82803000
1759824300000,123583.19000000,123685.27000000,123506.03000000,123683.99000000,157.68879000
1759824600000,123683.99000000,123700.00000000,123481.17000000,123550.73000000,186.30456000
1759824900000,123550.73000000,123626.00000000,123425.22000000,123439.64000000,48.59743000
1759825200000,123439.64000000,123500.00000000,123322.90000000,123500.00000000,152.58975000
1759825500000,123500.00000000,123729.57000000,123500.00000000,123641.38000000,76.08349000
1759825800000,123641.38000000,123668.16000000,123434.00000000,123434.01000000,50.07933000
1759826100000,123434.01000000,123729.57000000,123434.00000000,123729.56000000,61.66435000
1759826400000,123729.56000000,123823.92000000,123712.15000000,123813.02000000,62.27919000
1759826700000,123813.02000000,123882.36000000,123767.70000000,123876.60000000,72.20823000
1759827000000,123876.60000000,123999.98000000,123821.22000000,123970.45000000,147.79854000
1759827300000,123970.45000000,123970.45000000,123843.41000000,123861.75000000,130.81115000
1759827600000,123861.75000000,124000.00000000,123861.74000000,123963.01000000,75.63765000
1759827900000,123963.00000000,124027.98000000,123963.00000000,124027.97000000,41.52453000
1759828200000,124027.98000000,124192.87000000,123999.99000000,124124.11000000,34.66850000
1759828500000,124124.12000000,124164.69000000,124030.00000000,124033.39000000,39.33803000
1759828800000,124033.40000000,124112.80000000,124010.13000000,124069.84000000,36.33810000
1759829100000,124069.85000000,124121.70000000,124045.00000000,124109.06000000,27.24393000
1759829400000,124109.05000000,124210.00000000,124109.05000000,124142.12000000,54.14193000
1759829700000,124142.12000000,124246.64000000,124119.70000000,124140.81000000,32.98243000
1759830000000,124140.81000000,124140.82000000,124096.42000000,124096.42000000,17.02478000
1759830300000,124096.42000000,124134.87000000,124084.57000000,124134.36000000,19.28215000
1759830600000,124134.37000000,124183.34000000,124121.97000000,124183.33000000,16.27879000
1759830900000,124183.34000000,124202.01000000,124117.48000000,124117.48000000,29.24113000
1759831200000,124117.48000000,124117.49000000,124020.00000000,124062.01000000,36.51190000
1759831500000,124062.02000000,124180.00000000,124045.75000000,124179.99000000,45.33278000
1759831800000,124180.00000000,124360.05000000,124179.99000000,124333.70000000,34.46013000
1759832100000,124333.70000000,124342.10000000,124240.01000000,124342.09000000,27.64481000
1759832400000,124342.10000000,124413.75000000,124282.42000000,124282.42000000,48.95304000
1759832700000,124282.42000000,124331.78000000,124258.23000000,124279.25000000,45.46343000
1759833000000,124279.25000000,124370.00000000,124225.90000000,124369.99000000,37.69642000
1759833300000,124369.99000000,124370.00000000,124302.00000000,124302.00000000,23.82684000
1759833600000,124302.00000000,124318.04000000,124235.19000000,124310.22000000,29.07489000
1759833900000,124310.23000000,124310.23000000,124248.58000000,124305.46000000,20.15580000
1759834200000,124305.46000000,124350.00000000,124254.76000000,124269.76000000,21.38551000
1759834500000,124269.76000000,124282.19000000,124262.38000000,124282.19000000,15.14753000
1759834800000,124282.18000000,124290.00000000,124198.02000000,124258.93000000,26.89053000
1759835100000,124258.92000000,124322.96000000,124258.92000000,124285.00000000,16.03633000
1759835400000,124285.00000000,124287.60000000,124181.24000000,124181.25000000,43.39049000
1759835700000,124181.25000000,124301.76000000,124179.99000000,124285.54000000,39.65476000
1759836000000,124285.55000000,124384.82000000,124285.54000000,124301.55000000,35.76827000
1759836300000,124301.55000000,124395.53000000,124301.55000000,124388.67000000,32.13544000
1759836600000,124388.68000000,124479.38000000,124388.67000000,124455.46000000,56.44144000
1759836900000,124455.46000000,124455.47000000,124273.49000000,124328.36000000,28.01644000
1759837200000,124328.37000000,124400.06000000,124328.36000000,124366.88000000,21.47250000
1759837500000,124366.88000000,124509.60000000,124365.15000000,124462.29000000,84.98364000
1759837800000,124462.30000000,124503.95000000,124432.79000000,124499.96000000,19.82907000
1759838100000,124499.95000000,124509.60000000,124431.24000000,124453.38000000,57.82737000
1759838400000,124453.37000000,124453.38000000,124414.91000000,124437.89000000,13.26251000
1759838700000,124437.88000000,124526.06000000,124416.09000000,124493.02000000,39.31441000
1759839000000,124493.03000000,124513.80000000,124432.14000000,124441.03000000,30.14231000
1759839300000,124441.04000000,124453.71000000,124365.15000000,124451.91000000,55.44751000
1759839600000,124451.92000000,124477.14000000,124424.47000000,124424.47000000,23.43998000
1759839900000,124424.47000000,124438.00000000,124390.28000000,124438.00000000,46.18309000
1759840200000,124438.00000000,124478.51000000,124340.00000000,124470.42000000,29.41864000
1759840500000,124470.42000000,124572.50000000,124426.30000000,124572.50000000,31.27940000
1759840800000,124572.49000000,124590.38000000,124518.85000000,124590.38000000,89.44919000
1759841100000,124590.38000000,124926.56000000,124590.37000000,124904.50000000,137.86068000
1759841400000,124904.50000000,124926.76000000,124824.59000000,124926.76000000,29.52733000
1759841700000,124926.75000000,125126.00000000,124898.75000000,124917.99000000,222.20758000
1759842000000,124918.00000000,125046.16000000,124768.38000000,124826.45000000,85.33296000
1759842300000,124826.45000000,124866.47000000,124739.92000000,124837.83000000,158.85780000
1759842600000,124837.83000000,124868.37000000,124742.72000000,124742.81000000,30.76373000
1759842900000,124742.81000000,124742.81000000,124629.25000000,124657.99000000,66.30686000
1759843200000,124657.99000000,124761.42000000,124641.00000000,124677.62000000,31.67857000
1759843500000,124677.62000000,124812.00000000,124672.77000000,124804.14000000,33.17965000
1759843800000,124804.14000000,124804.14000000,124496.17000000,124657.28000000,84.62467000
1759844100000,124657.28000000,124734.57000000,124200.77000000,124309.50000000,154.55164000
1759844400000,124309.50000000,124338.01000000,123643.33000000,123792.20000000,305.01917000
1759844700000,123792.20000000,123792.20000000,123288.00000000,123667.95000000,501.35506000
1759845000000,123667.94000000,123788.54000000,123512.99000000,123576.37000000,158.75084000
1759845300000,123576.37000000,123951.78000000,123567.26000000,123891.68000000,124.47005000
1759845600000,123891.68000000,124000.00000000,123382.00000000,123410.21000000,191.81927000
1759845900000,123410.21000000,123514.63000000,122968.52000000,123088.36000000,500.51262000
1759846200000,123088.36000000,123092.62000000,122750.00000000,122831.93000000,232.24035000
1759846500000,122831.93000000,123044.00000000,122772.46000000,122992.66000000,161.13070000
1759846800000,122992.66000000,123322.30000000,122950.00000000,123131.43000000,130.08941000
1759847100000,123131.43000000,123141.99000000,122845.11000000,122887.64000000,101.32175000
1759847400000,122887.64000000,123035.62000000,122714.28000000,123018.19000000,172.39529000
1759847700000,123018.19000000,123018.19000000,122660.45000000,122724.91000000,138.48073000
1759848000000,122724.92000000,122815.94000000,122575.48000000,122815.93000000,139.20662000
1759848300000,122815.94000000,123000.00000000,122770.11000000,122817.83000000,137.45125000
1759848600000,122817.82000000,122817.83000000,122568.00000000,122674.29000000,102.27897000
1759848900000,122674.29000000,122781.74000000,122589.81000000,122725.36000000,71.99074000
1759849200000,122725.36000000,122865.36000000,122568.00000000,122628.83000000,109.84901000
1759849500000,122628.83000000,122628.84000000,121732.75000000,121789.16000000,600.73079000
1759849800000,121789.15000000,122238.00000000,121695.95000000,121951.08000000,256.31890000
1759850100000,121951.08000000,122336.79000000,121852.16000000,122183.17000000,146.30479000
1759850400000,122183.17000000,122371.28000000,122165.50000000,122322.45000000,110.28005000
1759850700000,122322.45000000,122334.18000000,122057.12000000,122079.96000000,172.17603000
1759851000000,122079.97000000,122124.00000000,121825.68000000,121871.24000000,139.99056000
1759851300000,121871.25000000,121946.99000000,121386.03000000,121520.01000000,349.44429000
1759851600000,121520.00000000,121894.00000000,121172.89000000,121683.26000000,343.15505000
1759851900000,121683.26000000,121750.99000000,121366.97000000,121505.01000000,241.05607000
1759852200000,121503.69000000,121615.12000000,121335.02000000,121461.98000000,123.57261000
1759852500000,121461.98000000,121878.96000000,121459.00000000,121846.01000000,205.79507000
1759852800000,121846.01000000,121860.25000000,121704.95000000,121728.45000000,196.74466000
1759853100000,121728.44000000,121728.45000000,121391.01000000,121650.34000000,175.70758000
1759853400000,121650.35000000,121707.08000000,121512.72000000,121531.67000000,138.18245000
1759853700000,121531.68000000,121650.26000000,121518.62000000,121595.84000000,74.61581000
1759854000000,121595.85000000,121595.85000000,120954.90000000,121020.00000000,309.13077000
1759854300000,121020.01000000,121293.36000000,120800.02000000,121143.21000000,228.05824000
1759854600000,121143.21000000,121545.09000000,121140.80000000,121500.00000000,149.99849000
1759854900000,121500.00000000,121822.59000000,121500.00000000,121775.34000000,135.07134000
1759855200000,121775.35000000,121855.17000000,121700.00000000,121763.39000000,174.63763000
1759855500000,121763.38000000,122044.40000000,121722.85000000,122044.39000000,168.07450000
1759855800000,122044.40000000,122084.14000000,121870.98000000,121891.07000000,180.08538000
1759856100000,121891.07000000,121891.08000000,121622.21000000,121684.17000000,121.30334000
1759856400000,121684.17000000,121822.58000000,121630.41000000,121744.85000000,110.61897000
1759856700000,121744.85000000,121766.88000000,121530.84000000,121566.76000000,81.72106000
1759857000000,121566.77000000,121612.88000000,121340.72000000,121477.61000000,235.24124000
1759857300000,121477.60000000,121550.00000000,121270.43000000,121290.01000000,204.83792000
1759857600000,121290.01000000,121406.74000000,121261.16000000,121347.29000000,78.33853000
1759857900000,121347.30000000,121406.98000000,121222.84000000,121295.55000000,61.98148000
1759858200000,121295.55000000,121426.31000000,121295.55000000,121418.00000000,44.58790000
1759858500000,121418.00000000,121418.00000000,121164.25000000,121320.47000000,70.07346000
1759858800000,121320.48000000,121406.31000000,121285.24000000,121406.31000000,45.23245000
1759859100000,121406.30000000,121589.37000000,121406.30000000,121487.83000000,94.53417000
1759859400000,121487.83000000,121487.83000000,121140.79000000,121167.26000000,121.77384000
1759859700000,121167.27000000,121268.60000000,121100.00000000,121130.02000000,92.19147000
1759860000000,121130.02000000,121150.00000000,120900.00000000,120956.89000000,144.59154000
1759860300000,120956.89000000,121158.92000000,120861.45000000,121093.21000000,80.88413000
1759860600000,121093.22000000,121306.13000000,121085.43000000,121183.42000000,51.84506000
1759860900000,121183.41000000,121225.40000000,120960.90000000,121043.12000000,76.76650000
1759861200000,121043.12000000,121043.13000000,120861.20000000,120880.00000000,94.91233000
1759861500000,120880.00000000,120894.79000000,120574.94000000,120747.51000000,283.06549000
1759861800000,120747.51000000,120915.06000000,120710.00000000,120802.00000000,82.71233000
1759862100000,120802.00000000,120839.83000000,120684.06000000,120696.02000000,59.16862000
1759862400000,120696.03000000,120824.20000000,120600.00000000,120791.11000000,50.00138000
1759862700000,120791.10000000,120897.61000000,120758.93000000,120875.87000000,35.52661000
1759863000000,120875.86000000,120984.21000000,120802.00000000,120833.47000000,92.01390000
1759863300000,120833.47000000,120956.52000000,120809.59000000,120895.37000000,48.11706000
1759863600000,120895.37000000,121343.51000000,120860.46000000,121242.67000000,130.64048000
1759863900000,121242.66000000,121560.66000000,121233.22000000,121524.01000000,126.70736000
1759864200000,121524.00000000,121524.01000000,121390.05000000,121447.24000000,73.81213000
1759864500000,121447.25000000,121590.00000000,121403.83000000,121413.55000000,78.34665000
1759864800000,121413.55000000,121429.99000000,121325.93000000,121399.98000000,60.77615000
1759865100000,121399.98000000,121399.98000000,121224.99000000,121270.00000000,120.74837000
1759865400000,121270.00000000,121509.75000000,121263.37000000,121493.04000000,171.61455000
1759865700000,121493.03000000,121539.56000000,121443.76000000,121458.00000000,52.53439000
1759866000000,121458.01000000,121541.97000000,121371.36000000,121382.64000000,86.22992000
1759866300000,121382.63000000,121579.93000000,121350.06000000,121579.93000000,121.03549000
1759866600000,121579.93000000,122027.30000000,121579.93000000,121745.22000000,241.45955000
1759866900000,121745.21000000,121768.17000000,121564.90000000,121637.17000000,70.64333000
1759867200000,121637.18000000,122039.06000000,121637.18000000,122039.06000000,76.21320000
1759867500000,122039.05000000,122101.22000000,121972.66000000,122072.20000000,76.81486000
1759867800000,122072.20000000,122150.00000000,121984.50000000,122042.94000000,51.27249000
1759868100000,122042.95000000,122080.16000000,121953.91000000,122013.67000000,39.54353000
1759868400000,122013.68000000,122122.02000000,121983.17000000,122030.49000000,32.91720000
1759868700000,122030.50000000,122196.48000000,122030.50000000,122196.47000000,47.05963000
1759869000000,122196.47000000,122196.48000000,122158.72000000,122176.02000000,26.51925000
1759869300000,122176.01000000,122178.32000000,122072.80000000,122072.80000000,27.95016000
1759869600000,122072.81000000,122126.27000000,122030.49000000,122072.07000000,22.40369000
1759869900000,122072.07000000,122193.09000000,122068.90000000,122193.07000000,41.11777000
1759870200000,122193.07000000,122193.07000000,122145.31000000,122145.32000000,15.26481000
1759870500000,122145.31000000,122145.32000000,121907.86000000,121943.61000000,36.55155000
1759870800000,121943.61000000,122005.16000000,121765.90000000,121993.15000000,52.79379000
1759871100000,121993.16000000,122145.70000000,121953.03000000,122145.70000000,26.53375000
1759871400000,122145.69000000,122180.00000000,121992.26000000,121992.27000000,46.45175000
1759871700000,121992.27000000,122160.32000000,121958.14000000,122156.58000000,32.91528000
1759872000000,122156.57000000,122156.58000000,122071.99000000,122138.40000000,23.72100000
1759872300000,122138.40000000,122292.62000000,122138.40000000,122248.21000000,38.39890000
1759872600000,122248.21000000,122248.21000000,122014.00000000,122133.43000000,36.89208000
1759872900000,122133.44000000,122133.44000000,121956.77000000,122056.11000000,27.55186000
1759873200000,122056.12000000,122067.10000000,121814.54000000,122018.54000000,37.67357000
1759873500000,122018.55000000,122018.55000000,121787.47000000,121822.60000000,31.73515000
1759873800000,121822.60000000,121860.16000000,121822.59000000,121846.74000000,17.56185000
1759874100000,121846.74000000,122016.00000000,121837.10000000,122016.00000000,25.68219000
1759874400000,122016.00000000,122028.17000000,121906.40000000,121918.17000000,18.74518000
1759874700000,121918.60000000,121964.71000000,121834.77000000,121834.78000000,35.50157000
1759875000000,121834.78000000,122046.36000000,121797.60000000,122030.71000000,65.44380000
1759875300000,122030.70000000,122173.50000000,121988.80000000,122094.80000000,53.98175000
1759875600000,122094.81000000,122128.80000000,121979.38000000,121979.38000000,23.24515000
1759875900000,121979.38000000,122028.94000000,121880.37000000,121916.73000000,36.68066000
1759876200000,121916.73000000,122047.37000000,121916.73000000,122030.62000000,26.65227000
1759876500000,122030.62000000,122030.62000000,121854.48000000,121854.49000000,24.95949000
1759876800000,121854.48000000,121935.97000000,121823.58000000,121930.86000000,63.91747000
1759877100000,121930.87000000,121947.45000000,121926.53000000,121944.45000000,16.81353000
1759877400000,121944.45000000,121979.56000000,121926.04000000,121945.88000000,19.85037000
1759877700000,121945.88000000,122011.18000000,121945.87000000,122011.17000000,18.51995000
1759878000000,122011.17000000,122022.88000000,121861.49000000,121861.50000000,27.28524000
1759878300000,121861.49000000,121973.33000000,121841.25000000,121841.25000000,24.69817000
1759878600000,121841.25000000,121841.26000000,121768.69000000,121801.41000000,27.01674000
1759878900000,121801.41000000,121851.50000000,121687.53000000,121707.63000000,35.30209000
1759879200000,121707.63000000,121756.81000000,121624.48000000,121630.00000000,50.56620000
1759879500000,121630.01000000,121672.63000000,121587.92000000,121662.19000000,27.79596000
1759879800000,121662.20000000,121662.20000000,121527.62000000,121537.99000000,42.34440000
1759880100000,121537.99000000,121642.56000000,121457.59000000,121537.81000000,83.38840000
1759880400000,121537.80000000,121588.58000000,121367.48000000,121465.81000000,91.61924000
1759880700000,121465.82000000,121524.48000000,121353.67000000,121353.67000000,55.82917000
1759881000000,121353.67000000,121517.65000000,121258.08000000,121478.76000000,71.28336000
1759881300000,121478.76000000,121509.89000000,121332.95000000,121332.95000000,40.53399000
1759881600000,121332.96000000,121614.66000000,121332.96000000,121587.83000000,60.66662000
1759881900000,121587.83000000,121588.84000000,121446.24000000,121487.60000000,28.98872000
1759882200000,121487.61000000,121565.69000000,121461.70000000,121551.37000000,39.68807000
1759882500000,121551.38000000,121789.37000000,121551.38000000,121785.31000000,64.93562000
1759882800000,121785.32000000,121802.38000000,121700.23000000,121740.29000000,32.32284000
1759883100000,121740.30000000,121750.01000000,121587.80000000,121587.80000000,35.14819000
1759883400000,121587.80000000,121608.18000000,121289.77000000,121340.22000000,81.19727000
1759883700000,121340.23000000,121663.41000000,121276.00000000,121663.40000000,59.39666000
1759884000000,121663.40000000,121952.71000000,121663.40000000,121889.93000000,67.68269000
1759884300000,121889.92000000,121989.39000000,121799.99000000,121977.81000000,58.97847000
1759884600000,121977.81000000,122089.68000000,121977.80000000,121990.24000000,78.92053000
1759884900000,121990.23000000,121992.89000000,121895.28000000,121914.09000000,43.81323000
1759885200000,121914.09000000,121992.54000000,121799.74000000,121938.76000000,54.20169000
1759885500000,121938.76000000,122030.50000000,121849.81000000,121979.17000000,72.21080000
1759885800000,121979.17000000,121979.18000000,121676.56000000,121706.19000000,44.94072000
1759886100000,121706.19000000,122038.53000000,121605.75000000,122035.99000000,80.66589000
1759886400000,122036.00000000,122056.00000000,121926.53000000,121978.84000000,53.50366000
1759886700000,121978.84000000,122004.37000000,121806.69000000,121833.45000000,26.67551000
1759887000000,121833.45000000,121959.74000000,121785.82000000,121926.54000000,67.96379000
1759887300000,121926.54000000,121938.96000000,121786.00000000,121828.56000000,20.91494000
1759887600000,121828.56000000,121837.62000000,121750.00000000,121793.64000000,28.06309000
1759887900000,121793.63000000,121923.63000000,121775.28000000,121903.78000000,33.61733000
1759888200000,121903.79000000,121952.03000000,121896.17000000,121936.99000000,25.21937000
1759888500000,121937.00000000,121955.50000000,121936.99000000,121950.01000000,11.58699000
1759888800000,121950.00000000,121950.61000000,121825.74000000,121933.97000000,40.41923000
1759889100000,121933.96000000,121950.00000000,121825.75000000,121882.55000000,33.59994000
1759889400000,121882.56000000,121983.13000000,121856.69000000,121938.97000000,20.05962000
1759889700000,121938.97000000,122156.00000000,121938.97000000,122020.24000000,50.63525000
1759890000000,122020.25000000,122217.89000000,122020.24000000,122201.73000000,38.98015000
1759890300000,122201.72000000,122229.66000000,122186.01000000,122186.01000000,75.25125000
1759890600000,122186.02000000,122186.02000000,122096.02000000,122096.02000000,33.56067000
1759890900000,122096.02000000,122096.03000000,121888.00000000,121888.00000000,42.16820000
1759891200000,121888.00000000,121967.99000000,121870.28000000,121910.78000000,38.41150000
1759891500000,121910.79000000,122000.00000000,121860.14000000,121971.76000000,94.77748000
1759891800000,121971.76000000,122073.34000000,121971.75000000,122072.98000000,28.49028000
1759892100000,122072.98000000,122090.56000000,122030.49000000,122048.28000000,37.75909000
1759892400000,122048.28000000,122048.28000000,121839.88000000,121839.90000000,100.39858000
1759892700000,121839.90000000,121841.75000000,121760.00000000,121788.22000000,51.67504000
1759893000000,121788.23000000,121801.57000000,121723.53000000,121723.53000000,41.63464000
1759893300000,121723.54000000,121821.07000000,121718.61000000,121781.87000000,28.06241000
1759893600000,121781.87000000,121796.17000000,121511.65000000,121558.25000000,99.08374000
1759893900000,121558.24000000,121598.00000000,121395.37000000,121453.24000000,63.91098000
1759894200000,121452.76000000,121509.48000000,121317.97000000,121391.75000000,82.83474000
1759894500000,121391.75000000,121455.83000000,121340.57000000,121357.01000000,39.33083000
1759894800000,121357.00000000,121432.55000000,121310.00000000,121310.01000000,44.32124000
1759895100000,121310.00000000,121389.30000000,121200.00000000,121371.58000000,79.32094000
1759895400000,121371.58000000,121436.82000000,121237.98000000,121300.54000000,44.90598000
1759895700000,121300.53000000,121392.01000000,121300.53000000,121374.75000000,25.87379000
1759896000000,121374.76000000,121456.81000000,121319.33000000,121456.81000000,69.31210000
1759896300000,121456.81000000,121484.37000000,121242.03000000,121250.51000000,44.19210000
1759896600000,121250.51000000,121391.30000000,121066.14000000,121384.41000000,93.29757000
1759896900000,121384.41000000,121578.00000000,121366.51000000,121573.50000000,60.26519000
1759897200000,121573.50000000,121597.87000000,121444.57000000,121456.46000000,31.81577000
1759897500000,121456.46000000,121471.38000000,121340.00000000,121471.37000000,60.60743000
1759897800000,121471.37000000,121692.48000000,121471.37000000,121690.58000000,81.50342000
1759898100000,121690.59000000,121786.57000000,121645.60000000,121649.76000000,98.66827000
1759898400000,121649.76000000,121675.14000000,121558.00000000,121600.91000000,27.70882000
1759898700000,121600.92000000,121761.41000000,121600.92000000,121761.40000000,55.91190000
1759899000000,121761.41000000,121780.65000000,121710.13000000,121777.77000000,16.94847000
1759899300000,121777.76000000,121910.24000000,121774.48000000,121900.00000000,72.23076000
1759899600000,121900.01000000,121900.01000000,121694.09000000,121711.36000000,37.83831000
1759899900000,121711.35000000,121782.02000000,121650.00000000,121782.01000000,82.96682000
1759900200000,121782.01000000,121792.00000000,121704.02000000,121759.31000000,44.10226000
1759900500000,121759.30000000,121776.95000000,121533.00000000,121555.11000000,91.81714000
1759900800000,121555.10000000,121559.82000000,121360.51000000,121415.63000000,88.88061000
1759901100000,121415.63000000,121415.63000000,121272.48000000,121390.20000000,44.11267000
1759901400000,121390.20000000,121524.09000000,121390.20000000,121419.02000000,69.09623000
1759901700000,121419.02000000,121443.34000000,121356.00000000,121442.15000000,30.35491000
1759902000000,121442.16000000,121498.85000000,121292.76000000,121292.76000000,87.75889000
1759902300000,121292.75000000,121304.31000000,121209.67000000,121228.07000000,34.77856000
1759902600000,121228.07000000,121281.74000000,121173.86000000,121198.81000000,39.27206000
1759902900000,121198.82000000,121374.02000000,121198.81000000,121374.01000000,57.87425000
1759903200000,121374.02000000,121425.69000000,121254.70000000,121262.70000000,31.09619000
1759903500000,121262.70000000,121262.70000000,121068.96000000,121176.85000000,78.30168000
1759903800000,121176.84000000,121385.72000000,121176.84000000,121306.12000000,27.53690000
1759904100000,121306.12000000,121362.26000000,121162.25000000,121362.26000000,35.73169000
1759904400000,121362.26000000,121459.76000000,121350.95000000,121411.77000000,52.81261000
1759904700000,121411.76000000,121500.00000000,121387.14000000,121411.42000000,26.61299000
1759905000000,121411.43000000,121494.00000000,121391.57000000,121409.28000000,30.83557000
1759905300000,121409.28000000,121543.55000000,121397.78000000,121543.55000000,39.47308000
1759905600000,121543.55000000,121575.85000000,121500.00000000,121575.81000000,57.09004000
1759905900000,121575.80000000,121684.19000000,121575.80000000,121648.86000000,50.21423000
1759906200000,121648.86000000,121689.54000000,121600.01000000,121689.53000000,51.13294000
1759906500000,121689.54000000,121841.54000000,121689.53000000,121784.29000000,71.35926000
1759906800000,121784.30000000,121841.49000000,121667.75000000,121841.49000000,54.90151000
1759907100000,121841.48000000,121872.37000000,121624.80000000,121650.18000000,118.47850000
1759907400000,121650.19000000,121724.29000000,121624.80000000,121666.22000000,32.87135000
1759907700000,121666.22000000,121672.98000000,121595.75000000,121635.94000000,27.81682000
1759908000000,121635.94000000,121698.23000000,121562.47000000,121608.09000000,71.70956000
1759908300000,121608.10000000,121608.10000000,121493.58000000,121553.73000000,82.61560000
1759908600000,121553.74000000,121571.39000000,121444.17000000,121509.32000000,62.55154000
1759908900000,121509.32000000,121537.99000000,121407.85000000,121407.86000000,32.20251000
1759909200000,121407.86000000,121506.24000000,121311.91000000,121481.31000000,71.41918000
1759909500000,121481.30000000,121481.31000000,121331.62000000,121398.40000000,50.82473000
1759909800000,121398.41000000,121550.00000000,121340.00000000,121509.94000000,46.22807000
1759910100000,121509.94000000,121597.06000000,121428.10000000,121597.06000000,45.72838000
1759910400000,121597.05000000,121812.78000000,121597.05000000,121802.71000000,56.41514000
1759910700000,121802.71000000,121802.71000000,121597.23000000,121655.00000000,46.90681000
1759911000000,121655.00000000,121665.43000000,121538.48000000,121563.03000000,140.83629000
1759911300000,121563.03000000,121800.00000000,121524.01000000,121800.00000000,149.15025000
1759911600000,121800.00000000,121959.04000000,121800.00000000,121955.74000000,79.43902000
1759911900000,121955.81000000,122000.00000000,121790.02000000,121916.41000000,108.72354000
1759912200000,121916.42000000,122381.00000000,121916.42000000,122381.00000000,279.02566000
1759912500000,122381.00000000,122514.00000000,122347.20000000,122505.99000000,179.45356000
1759912800000,122505.99000000,122821.25000000,122505.99000000,122821.24000000,214.76516000
1759913100000,122821.24000000,122850.00000000,122584.21000000,122596.72000000,77.19698000
1759913400000,122596.73000000,122702.16000000,122413.75000000,122454.19000000,88.82977000
1759913700000,122454.18000000,122483.85000000,122342.37000000,122381.85000000,41.61086000
1759914000000,122381.84000000,122644.00000000,122381.84000000,122475.46000000,71.32954000
1759914300000,122475.46000000,122639.96000000,122475.45000000,122560.75000000,62.04914000
1759914600000,122560.75000000,122575.28000000,122495.59000000,122561.77000000,26.33742000
1759914900000,122561.78000000,122561.78000000,122451.01000000,122496.08000000,33.63297000
1759915200000,122496.08000000,122616.52000000,122496.08000000,122585.27000000,26.93546000
1759915500000,122585.26000000,122620.55000000,122501.23000000,122531.86000000,41.85467000
1759915800000,122531.86000000,122584.00000000,122390.00000000,122446.36000000,70.30330000
1759916100000,122446.35000000,122560.00000000,122403.77000000,122555.01000000,45.81987000
1759916400000,122555.00000000,122560.00000000,122405.11000000,122463.72000000,38.40305000
1759916700000,122463.71000000,122475.55000000,122402.47000000,122419.12000000,19.04654000
1759917000000,122419.13000000,122475.56000000,122381.99000000,122465.72000000,19.53931000
1759917300000,122465.73000000,122516.99000000,122448.62000000,122516.98000000,18.90555000
1759917600000,122516.99000000,122727.99000000,122498.05000000,122727.99000000,36.47546000
1759917900000,122727.99000000,122808.24000000,122634.20000000,122735.01000000,37.51957000
1759918200000,122735.01000000,122739.00000000,122520.70000000,122560.51000000,29.13064000
1759918500000,122560.50000000,122649.98000000,122517.50000000,122649.98000000,12.82296000
1759918800000,122649.98000000,122705.18000000,122600.36000000,122628.38000000,57.19557000
1759919100000,122628.38000000,122705.42000000,122608.00000000,122608.00000000,31.76121000
1759919400000,122608.00000000,122758.21000000,122577.90000000,122740.74000000,47.26138000
1759919700000,122740.74000000,123000.00000000,122722.78000000,122900.51000000,132.56582000
1759920000000,122900.51000000,123100.00000000,122900.50000000,122974.02000000,120.36773000
1759920300000,122974.02000000,123012.33000000,122919.99000000,122944.71000000,102.87641000
1759920600000,122944.71000000,122946.37000000,122881.24000000,122901.64000000,23.36289000
1759920900000,122901.65000000,122959.99000000,122901.64000000,122934.60000000,22.95884000
1759921200000,122934.61000000,123009.51000000,122906.30000000,122906.30000000,77.04853000
1759921500000,122906.31000000,123047.09000000,122820.46000000,123046.65000000,26.30094000
1759921800000,123046.66000000,123200.00000000,123046.65000000,123123.30000000,54.61993000
1759922100000,123123.31000000,123123.31000000,122963.10000000,122967.56000000,51.93594000
1759922400000,122967.56000000,123049.00000000,122836.76000000,122871.92000000,67.89996000
1759922700000,122871.92000000,123150.01000000,122871.92000000,123020.69000000,236.13532000
1759923000000,123020.69000000,123100.01000000,122953.24000000,122964.14000000,160.29679000
1759923300000,122964.13000000,123001.16000000,122902.83000000,122936.90000000,46.41407000
1759923600000,122936.90000000,122936.90000000,122809.42000000,122811.21000000,23.11443000
1759923900000,122811.21000000,122849.52000000,122743.36000000,122842.22000000,30.35668000
1759924200000,122842.22000000,122896.00000000,122842.22000000,122886.01000000,17.30914000
1759924500000,122886.00000000,122915.07000000,122835.01000000,122884.14000000,26.50037000
1759924800000,122884.14000000,122976.85000000,122778.85000000,122806.60000000,47.26073000
1759925100000,122806.60000000,122841.10000000,122720.00000000,122751.68000000,42.24781000
1759925400000,122751.68000000,123090.75000000,122751.67000000,122990.92000000,91.67175000
1759925700000,122990.91000000,123033.07000000,122913.13000000,122915.19000000,27.40009000
1759926000000,122915.18000000,122915.19000000,122700.00000000,122700.01000000,45.05286000
1759926300000,122700.00000000,122793.03000000,122650.00000000,122756.76000000,44.78088000
1759926600000,122756.76000000,122756.77000000,122608.75000000,122684.77000000,30.31698000
1759926900000,122684.77000000,122715.33000000,122610.00000000,122633.00000000,34.84117000
1759927200000,122632.99000000,122723.99000000,122610.00000000,122670.21000000,25.40854000
1759927500000,122670.22000000,122730.36000000,122618.89000000,122683.94000000,29.19781000
1759927800000,122683.95000000,122700.00000000,122569.34000000,122569.35000000,19.98657000
1759928100000,122569.34000000,122631.52000000,122542.27000000,122631.52000000,26.09571000
1759928400000,122631.52000000,122774.96000000,122588.73000000,122665.85000000,30.45477000
1759928700000,122665.85000000,122719.85000000,122396.80000000,122515.36000000,62.72134000
1759929000000,122515.36000000,122688.04000000,122478.93000000,122648.50000000,34.98986000
1759929300000,122648.49000000,122702.75000000,122636.40000000,122673.00000000,25.52883000
1759929600000,122673.01000000,122718.70000000,122538.49000000,122568.05000000,29.67124000
1759929900000,122568.04000000,122596.01000000,122497.16000000,122497.16000000,13.91334000
1759930200000,122497.17000000,122694.80000000,122401.01000000,122544.11000000,101.38464000
1759930500000,122544.10000000,122604.66000000,122280.16000000,122391.74000000,73.03093000
1759930800000,122391.75000000,122391.75000000,121700.00000000,121898.24000000,253.96486000
1759931100000,121898.25000000,122222.00000000,121649.68000000,122168.66000000,130.03140000
1759931400000,122168.65000000,122291.82000000,122052.62000000,122249.51000000,57.28137000
1759931700000,122249.52000000,122660.22000000,122195.14000000,122599.04000000,73.92595000
1759932000000,122599.04000000,123350.00000000,122599.04000000,123081.52000000,305.07877000
1759932300000,123081.51000000,123170.25000000,122873.01000000,122886.22000000,321.72325000
1759932600000,122886.21000000,122978.35000000,122675.52000000,122825.01000000,93.05084000
1759932900000,122825.00000000,123074.00000000,122700.44000000,123070.08000000,72.25034000
1759933200000,123070.09000000,123092.12000000,122659.30000000,122662.80000000,79.87307000
1759933500000,122662.81000000,122679.24000000,122419.53000000,122590.73000000,66.50764000
1759933800000,122590.72000000,122856.03000000,122388.47000000,122388.47000000,127.94162000
1759934100000,122388.47000000,122557.22000000,122260.00000000,122524.39000000,99.84958000
1759934400000,122524.09000000,122568.87000000,122328.15000000,122484.63000000,47.56484000
1759934700000,122484.63000000,122624.67000000,122331.39000000,122590.06000000,126.76046000
1759935000000,122590.07000000,122602.00000000,122321.44000000,122360.18000000,52.81118000
1759935300000,122360.17000000,122360.17000000,122112.16000000,122320.00000000,69.33300000
1759935600000,122319.99000000,122390.07000000,122226.19000000,122318.09000000,43.37302000
1759935900000,122318.08000000,122404.91000000,122292.92000000,122342.37000000,41.21087000
1759936200000,122342.38000000,122622.55000000,122342.38000000,122489.21000000,56.04971000
1759936500000,122489.21000000,122517.92000000,122368.21000000,122368.22000000,22.11261000
1759936800000,122368.22000000,122483.88000000,122203.12000000,122467.96000000,48.39847000
1759937100000,122467.97000000,122550.29000000,122357.00000000,122448.01000000,57.47885000
1759937400000,122448.01000000,122450.01000000,122240.02000000,122289.21000000,43.48056000
1759937700000,122289.21000000,122406.00000000,122289.21000000,122357.33000000,31.10568000
1759938000000,122357.34000000,122426.37000000,122328.21000000,122355.54000000,19.67217000
1759938300000,122355.54000000,122355.55000000,121954.34000000,122071.61000000,135.40125000
1759938600000,122071.62000000,122152.00000000,121975.21000000,122120.54000000,30.60897000
1759938900000,122120.54000000,122224.85000000,122048.41000000,122189.72000000,30.57212000
1759939200000,122189.72000000,122330.66000000,122110.08000000,122245.31000000,29.76917000
1759939500000,122245.32000000,122476.81000000,122177.13000000,122437.27000000,60.02603000
1759939800000,122437.28000000,122726.51000000,122411.52000000,122726.51000000,63.27343000
1759940100000,122726.52000000,122926.48000000,122664.33000000,122664.33000000,109.33425000
1759940400000,122664.34000000,122771.46000000,122612.00000000,122688.34000000,29.69866000
1759940700000,122688.35000000,122758.21000000,122635.58000000,122672.51000000,24.87707000
1759941000000,122672.51000000,122740.00000000,122562.18000000,122656.00000000,28.47865000
1759941300000,122656.00000000,122711.76000000,122601.44000000,122675.78000000,51.31503000
1759941600000,122675.79000000,122729.82000000,122566.62000000,122711.97000000,30.35564000
1759941900000,122711.98000000,122891.06000000,122701.47000000,122864.90000000,79.48109000
1759942200000,122864.91000000,123031.87000000,122864.90000000,122987.04000000,84.61702000
1759942500000,122987.05000000,123129.23000000,122987.04000000,123051.03000000,50.72164000
1759942800000,123051.02000000,123088.54000000,122958.05000000,123073.80000000,45.29990000
1759943100000,123073.28000000,123322.00000000,122991.35000000,123321.99000000,114.64764000
1759943400000,123322.00000000,123669.93000000,123321.99000000,123669.93000000,299.55088000
1759943700000,123669.93000000,123856.87000000,123494.79000000,123766.53000000,147.02252000
1759944000000,123766.54000000,123940.00000000,123601.52000000,123877.33000000,166.41924000
1759944300000,123877.33000000,123982.37000000,123739.38000000,123792.35000000,121.97174000
1759944600000,123792.36000000,124032.08000000,123792.36000000,123864.92000000,108.66441000
1759944900000,123864.92000000,123914.37000000,123650.00000000,123738.84000000,92.35366000
1759945200000,123738.84000000,123808.89000000,123685.55000000,123774.81000000,48.11981000
1759945500000,123774.81000000,123950.01000000,123690.23000000,123880.24000000,67.60314000
1759945800000,123880.25000000,124021.25000000,123878.39000000,124001.51000000,49.28386000
1759946100000,124001.51000000,124164.36000000,124001.50000000,124033.19000000,75.52747000
1759946400000,124033.19000000,124197.25000000,123824.88000000,123880.85000000,130.06622000
1759946700000,123880.86000000,123953.99000000,123813.58000000,123920.33000000,34.73660000
1759947000000,123920.33000000,124107.63000000,123870.76000000,123870.77000000,96.31760000
1759947300000,123870.77000000,123880.86000000,123702.84000000,123774.27000000,94.04927000
1759947600000,123774.28000000,123800.86000000,123565.38000000,123694.47000000,102.36148000
1759947900000,123694.47000000,123711.09000000,123610.00000000,123615.28000000,40.04248000
1759948200000,123615.27000000,123663.09000000,123510.69000000,123520.31000000,151.90921000
1759948500000,123520.31000000,123794.60000000,123415.58000000,123743.27000000,180.26198000
1759948800000,123743.27000000,123743.28000000,123500.00000000,123564.95000000,47.38027000
1759949100000,123564.95000000,123667.40000000,123516.23000000,123662.81000000,40.73638000
1759949400000,123662.82000000,123826.34000000,123628.07000000,123789.68000000,137.97225000
1759949700000,123789.68000000,123808.65000000,123460.21000000,123460.22000000,96.52464000
1759950000000,123460.21000000,123524.48000000,123366.00000000,123503.85000000,49.34294000
1759950300000,123503.86000000,123515.68000000,123220.96000000,123346.81000000,73.16479000
1759950600000,123346.81000000,123402.78000000,123260.00000000,123260.00000000,31.80296000
1759950900000,123260.01000000,123293.98000000,123160.82000000,123275.49000000,44.48040000
1759951200000,123275.50000000,123540.00000000,123243.82000000,123540.00000000,57.92792000
1759951500000,123539.99000000,123657.48000000,123539.99000000,123638.22000000,61.47013000
1759951800000,123638.23000000,123741.07000000,123597.55000000,123625.13000000,51.38010000
1759952100000,123625.12000000,123759.94000000,123617.56000000,123620.01000000,36.87860000
1759952400000,123620.01000000,123620.01000000,123400.00000000,123432.01000000,79.78989000
1759952700000,123432.01000000,123540.85000000,123414.00000000,123522.90000000,48.89709000
1759953000000,123522.90000000,123586.01000000,123460.21000000,123506.74000000,41.15204000
1759953300000,123506.75000000,123527.69000000,123409.51000000,123450.00000000,88.47302000
1759953600000,123450.01000000,123508.00000000,123313.82000000,123315.01000000,44.07914000
1759953900000,123315.01000000,123438.31000000,123315.01000000,123401.27000000,29.23966000
1759954200000,123401.26000000,123517.25000000,123401.26000000,123495.97000000,27.53895000
1759954500000,123495.97000000,123648.00000000,123484.61000000,123593.44000000,29.63452000
1759954800000,123593.43000000,123737.00000000,123550.00000000,123666.30000000,53.73332000
1759955100000,123666.30000000,123666.31000000,123550.00000000,123563.37000000,24.21244000
1759955400000,123563.38000000,123565.38000000,123413.38000000,123413.39000000,27.36876000
1759955700000,123413.38000000,123513.34000000,123400.00000000,123460.87000000,16.86647000
1759956000000,123460.87000000,123475.62000000,123341.00000000,123361.82000000,29.93692000
1759956300000,123361.83000000,123385.45000000,123240.00000000,123263.20000000,141.43954000
1759956600000,123263.20000000,123263.21000000,123212.00000000,123226.30000000,17.77597000
1759956900000,123226.29000000,123226.30000000,122814.00000000,122856.69000000,231.77984000
1759957200000,122856.70000000,123105.50000000,122794.40000000,123100.84000000,47.42286000
1759957500000,123100.84000000,123162.85000000,123070.00000000,123071.38000000,32.19934000
1759957800000,123071.37000000,123093.21000000,122998.54000000,123093.21000000,37.69405000
1759958100000,123093.21000000,123204.24000000,123093.20000000,123140.62000000,24.22703000
1759958400000,123140.62000000,123252.82000000,123137.32000000,123245.99000000,16.30070000
1759958700000,123245.98000000,123317.62000000,123221.40000000,123279.46000000,20.61808000
1759959000000,123279.46000000,123311.96000000,123270.98000000,123279.45000000,17.32744000
1759959300000,123282.27000000,123307.37000000,123265.28000000,123282.72000000,9.75369000
1759959600000,123282.72000000,123332.01000000,123266.42000000,123332.01000000,13.72085000
1759959900000,123332.00000000,123332.01000000,123181.75000000,123181.76000000,19.84480000
1759960200000,123181.75000000,123221.12000000,123181.75000000,123200.25000000,5.43995000
1759960500000,123200.26000000,123277.34000000,123200.25000000,123277.33000000,17.38850000
1759960800000,123277.34000000,123372.51000000,123277.34000000,123305.17000000,26.67736000
1759961100000,123305.17000000,123416.73000000,123294.73000000,123416.45000000,8.39470000
1759961400000,123416.44000000,123416.44000000,123304.88000000,123354.71000000,12.25662000
1759961700000,123354.70000000,123400.68000000,123279.64000000,123344.75000000,15.79061000
1759962000000,123344.75000000,123380.94000000,123335.39000000,123335.39000000,10.55088000
1759962300000,123335.39000000,123335.40000000,123279.64000000,123290.96000000,8.23737000
1759962600000,123290.97000000,123340.79000000,123290.96000000,123334.54000000,9.80612000
1759962900000,123334.54000000,123355.06000000,123334.54000000,123355.06000000,4.68747000
1759963200000,123355.06000000,123355.06000000,123314.43000000,123314.44000000,10.87360000
1759963500000,123314.44000000,123330.03000000,123261.85000000,123279.63000000,6.53850000
1759963800000,123279.64000000,123279.65000000,123267.31000000,123275.35000000,6.44585000
1759964100000,123275.35000000,123275.36000000,123200.81000000,123200.82000000,11.99411000
1759964400000,123200.82000000,123200.82000000,123173.85000000,123173.89000000,18.30302000
1759964700000,123173.88000000,123200.03000000,123056.31000000,123082.14000000,36.11838000
1759965000000,123082.13000000,123149.99000000,123082.13000000,123140.00000000,9.87376000
1759965300000,123140.00000000,123304.24000000,123139.99000000,123297.17000000,26.68948000
1759965600000,123297.17000000,123431.45000000,123229.96000000,123431.45000000,23.58296000
1759965900000,123431.44000000,123478.25000000,123416.01000000,123478.25000000,22.99134000
1759966200000,123478.26000000,123537.11000000,123426.94000000,123525.93000000,37.36329000
1759966500000,123525.93000000,123530.74000000,123400.00000000,123415.79000000,27.84890000
1759966800000,123415.79000000,123430.87000000,123350.00000000,123350.00000000,23.74213000
1759967100000,123350.01000000,123352.81000000,123326.96000000,123352.81000000,15.36130000
1759967400000,123352.80000000,123352.81000000,123304.47000000,123327.33000000,17.10803000
1759967700000,123327.33000000,123369.72000000,123306.00000000,123306.00000000,30.57275000
1759968000000,123306.01000000,123348.32000000,123223.87000000,123223.87000000,29.13337000
1759968300000,123223.88000000,123223.88000000,123030.02000000,123044.61000000,25.71137000
1759968600000,123044.61000000,123118.57000000,123044.09000000,123118.56000000,11.82996000
1759968900000,123118.57000000,123259.16000000,123082.75000000,123259.16000000,29.08451000
1759969200000,123259.15000000,123269.82000000,123163.63000000,123174.83000000,12.89127000
1759969500000,123174.84000000,123177.89000000,123051.84000000,123062.25000000,25.02454000
1759969800000,123062.25000000,123109.80000000,122873.92000000,122937.82000000,71.65341000
1759970100000,122937.81000000,123023.64000000,122908.99000000,123002.80000000,16.05074000
1759970400000,123002.80000000,123077.72000000,122963.93000000,122963.93000000,13.35523000
1759970700000,122963.93000000,123112.31000000,122941.18000000,123112.31000000,12.50822000
1759971000000,123112.30000000,123112.31000000,122938.81000000,122950.69000000,107.91374000
1759971300000,122950.69000000,122983.02000000,122839.15000000,122839.15000000,28.03274000
1759971600000,122839.16000000,122857.32000000,122612.06000000,122673.41000000,86.78860000
1759971900000,122673.41000000,122734.00000000,122583.00000000,122612.95000000,42.93671000
1759972200000,122612.95000000,122720.41000000,122587.91000000,122625.73000000,19.69575000
1759972500000,122625.72000000,122769.96000000,122515.44000000,122589.22000000,101.21032000
1759972800000,122589.22000000,122686.98000000,122589.22000000,122644.00000000,34.07366000
1759973100000,122643.99000000,122680.50000000,122525.48000000,122525.48000000,25.83745000
1759973400000,122525.48000000,122525.49000000,122396.25000000,122449.27000000,69.96594000
1759973700000,122449.27000000,122476.32000000,122361.32000000,122386.76000000,25.47223000
1759974000000,122386.76000000,122459.95000000,122339.41000000,122339.42000000,53.35549000
1759974300000,122339.42000000,122452.00000000,122339.41000000,122399.67000000,59.43289000
1759974600000,122399.67000000,122465.98000000,122373.14000000,122426.55000000,94.19277000
1759974900000,122426.56000000,122562.40000000,122426.55000000,122548.23000000,36.60178000
1759975200000,122548.23000000,122548.23000000,122271.55000000,122293.84000000,42.00930000
1759975500000,122293.84000000,122293.85000000,122053.75000000,122223.09000000,124.50635000
1759975800000,122223.09000000,122297.31000000,122176.97000000,122267.01000000,35.33173000
1759976100000,122267.02000000,122319.24000000,122000.00000000,122009.39000000,56.34232000
1759976400000,122009.39000000,122100.72000000,122009.39000000,122035.02000000,31.80934000
1759976700000,122035.03000000,122089.34000000,121954.74000000,121994.82000000,50.67823000
1759977000000,121994.82000000,122116.37000000,121994.82000000,122014.61000000,64.45383000
1759977300000,122014.60000000,122014.60000000,121870.00000000,121895.93000000,44.25406000
1759977600000,121895.93000000,121895.93000000,121594.85000000,121679.45000000,111.27239000
1759977900000,121679.45000000,121807.22000000,121555.00000000,121640.52000000,103.46325000
1759978200000,121640.52000000,121751.99000000,121545.65000000,121574.11000000,64.02341000
1759978500000,121574.12000000,121644.00000000,121475.98000000,121617.81000000,103.71147000
1759978800000,121617.81000000,121878.97000000,121603.59000000,121824.72000000,90.32499000
1759979100000,121824.71000000,121961.39000000,121746.70000000,121845.01000000,66.87989000
1759979400000,121845.01000000,121910.42000000,121811.27000000,121818.55000000,28.14368000
1759979700000,121818.54000000,121966.01000000,121818.54000000,121931.93000000,38.47194000
1759980000000,121931.92000000,122120.28000000,121931.92000000,122009.55000000,48.65131000
1759980300000,122009.55000000,122018.91000000,121934.00000000,121969.04000000,34.37611000
1759980600000,121969.05000000,122073.63000000,121969.04000000,122050.53000000,28.66219000
1759980900000,122050.54000000,122061.37000000,122000.00000000,122024.57000000,29.34723000
1759981200000,122024.57000000,122054.24000000,121897.74000000,121897.75000000,25.49220000
1759981500000,121897.75000000,122010.33000000,121897.74000000,122008.72000000,21.27459000
1759981800000,122008.72000000,122049.26000000,121981.47000000,122028.81000000,16.77390000
1759982100000,122028.82000000,122049.16000000,122022.19000000,122038.01000000,26.17199000
1759982400000,122038.01000000,122100.00000000,121904.81000000,122006.46000000,23.54260000
1759982700000,122006.46000000,122034.20000000,121940.66000000,121944.19000000,13.72391000
1759983000000,121944.19000000,122034.00000000,121915.39000000,121915.39000000,74.58643000
1759983300000,121915.40000000,122083.14000000,121915.39000000,122083.13000000,30.95949000
1759983600000,122083.13000000,122264.00000000,122081.49000000,122256.31000000,39.28532000
1759983900000,122256.31000000,122263.91000000,122222.88000000,122236.27000000,18.97763000
1759984200000,122236.26000000,122236.27000000,122088.07000000,122094.28000000,24.17258000
1759984500000,122094.29000000,122149.15000000,122013.82000000,122091.76000000,28.70324000
1759984800000,122091.75000000,122091.76000000,122011.04000000,122028.99000000,14.63288000
1759985100000,122029.00000000,122128.34000000,122028.57000000,122128.33000000,16.43832000
1759985400000,122128.34000000,122158.95000000,122107.67000000,122120.36000000,18.73324000
1759985700000,122120.36000000,122174.99000000,122098.64000000,122144.70000000,24.71762000
1759986000000,122144.70000000,122189.61000000,122079.71000000,122157.37000000,29.97727000
1759986300000,122157.36000000,122196.99000000,122088.11000000,122088.12000000,15.55855000
1759986600000,122088.11000000,122100.01000000,121915.98000000,121915.99000000,35.80379000
1759986900000,121915.99000000,121960.23000000,121900.00000000,121900.00000000,24.99504000
1759987200000,121900.01000000,121934.33000000,121878.99000000,121911.99000000,37.32961000
1759987500000,121911.99000000,122042.43000000,121893.00000000,122010.24000000,50.56736000
1759987800000,122010.25000000,122127.21000000,121968.28000000,121980.48000000,50.43080000
1759988100000,121980.49000000,122031.39000000,121823.94000000,121950.15000000,75.00489000
1759988400000,121950.16000000,122015.68000000,121950.15000000,121954.29000000,20.14464000
1759988700000,121954.29000000,122046.27000000,121902.07000000,122046.27000000,15.84651000
1759989000000,122046.26000000,122046.27000000,121978.33000000,122025.06000000,16.84546000
1759989300000,122025.06000000,122136.99000000,122001.44000000,122100.92000000,22.24383000
1759989600000,122100.92000000,122119.65000000,122000.00000000,122028.95000000,16.08305000
1759989900000,122028.94000000,122103.35000000,121937.20000000,121937.21000000,49.26436000
1759990200000,121937.20000000,122004.58000000,121913.58000000,121945.56000000,16.34520000
1759990500000,121945.56000000,122024.72000000,121934.30000000,121936.18000000,19.61629000
1759990800000,121936.18000000,122036.76000000,121883.43000000,122036.75000000,11.91738000
1759991100000,122036.75000000,122144.40000000,122036.75000000,122096.40000000,43.32308000
1759991400000,122096.41000000,122185.98000000,122042.01000000,122093.23000000,21.52157000
1759991700000,122093.22000000,122120.66000000,122082.70000000,122083.28000000,14.96758000
1759992000000,122083.29000000,122112.20000000,122083.28000000,122112.20000000,12.06007000
1759992300000,122112.20000000,122163.33000000,122014.68000000,122037.75000000,11.71414000
1759992600000,122037.74000000,122056.44000000,121944.88000000,121950.00000000,90.53896000
1759992900000,121950.00000000,121966.68000000,121894.00000000,121957.32000000,29.05270000
1759993200000,121957.32000000,122038.58000000,121941.73000000,122038.58000000,44.84209000
1759993500000,122038.57000000,122064.00000000,121965.18000000,122034.26000000,21.95355000
1759993800000,122034.25000000,122034.26000000,121978.69000000,121978.70000000,21.76442000
1759994100000,121978.70000000,122067.61000000,121938.20000000,121979.91000000,39.61262000
1759994400000,121979.92000000,122009.59000000,121883.21000000,121904.10000000,29.98021000
1759994700000,121904.09000000,121920.47000000,121808.85000000,121876.39000000,25.14312000
1759995000000,121876.39000000,121893.59000000,121818.27000000,121863.77000000,32.41556000
1759995300000,121863.77000000,121863.78000000,121768.16000000,121768.17000000,41.34986000
1759995600000,121768.17000000,121810.57000000,121737.08000000,121737.09000000,22.79909000
1759995900000,121737.09000000,121947.48000000,121724.71000000,121936.72000000,67.67772000
1759996200000,121936.72000000,121992.38000000,121936.72000000,121969.07000000,21.96340000
1759996500000,121969.07000000,121969.07000000,121896.22000000,121906.10000000,22.02087000
1759996800000,121906.09000000,121960.97000000,121877.08000000,121916.78000000,29.27372000
1759997100000,121916.79000000,121916.79000000,121685.69000000,121729.58000000,72.65973000
1759997400000,121729.58000000,121855.89000000,121718.54000000,121734.21000000,27.47968000
1759997700000,121734.20000000,121734.21000000,121576.34000000,121635.37000000,80.90332000
1759998000000,121635.37000000,121683.17000000,121464.86000000,121524.54000000,87.36142000
1759998300000,121524.54000000,121535.11000000,121179.95000000,121180.00000000,163.98125000
1759998600000,121180.00000000,121516.63000000,121168.13000000,121470.57000000,114.52003000
1759998900000,121470.58000000,121612.00000000,121441.39000000,121441.39000000,80.58956000
1759999200000,121441.40000000,121466.16000000,121239.22000000,121330.12000000,80.91790000
1759999500000,121330.12000000,121508.57000000,121330.12000000,121385.99000000,39.63390000
1759999800000,121385.99000000,121385.99000000,121145.49000000,121194.00000000,117.48893000
1760000100000,121194.01000000,121363.27000000,121168.14000000,121261.62000000,56.43268000
1760000400000,121261.62000000,121508.81000000,121261.62000000,121492.05000000,40.75755000
1760000700000,121492.06000000,121671.24000000,121485.41000000,121559.62000000,84.70856000
1760001000000,121559.62000000,121618.11000000,121520.12000000,121594.87000000,18.36650000
1760001300000,121594.86000000,121651.16000000,121517.79000000,121517.79000000,28.75314000
1760001600000,121517.80000000,121758.00000000,121517.79000000,121602.87000000,47.33286000
1760001900000,121602.88000000,121751.89000000,121536.44000000,121699.86000000,57.52842000
1760002200000,121699.87000000,121775.97000000,121662.79000000,121743.50000000,30.25541000
1760002500000,121743.50000000,121820.84000000,121708.00000000,121748.18000000,26.26618000
1760002800000,121748.18000000,121770.03000000,121672.09000000,121672.09000000,26.65482000
1760003100000,121672.10000000,121732.00000000,121604.85000000,121696.70000000,24.10390000
1760003400000,121696.69000000,121818.25000000,121696.69000000,121799.03000000,55.81805000
1760003700000,121799.02000000,121855.44000000,121756.67000000,121813.04000000,55.01074000
1760004000000,121813.04000000,121900.00000000,121751.14000000,121872.23000000,15.10513000
1760004300000,121872.23000000,121900.00000000,121805.49000000,121864.67000000,17.32974000
1760004600000,121864.67000000,121866.99000000,121826.05000000,121866.99000000,23.99766000
1760004900000,121866.99000000,121881.96000000,121667.03000000,121725.70000000,50.51185000
1760005200000,121725.70000000,121784.38000000,121725.69000000,121775.29000000,12.73064000
1760005500000,121775.28000000,121775.29000000,121650.22000000,121736.35000000,14.63731000
1760005800000,121736.35000000,122028.64000000,121736.34000000,122021.77000000,47.05373000
1760006100000,122021.77000000,122149.99000000,122009.58000000,122134.71000000,42.18598000
1760006400000,122134.71000000,122314.37000000,122134.71000000,122230.43000000,109.04305000
1760006700000,122230.43000000,122340.00000000,122164.22000000,122210.06000000,46.13436000
1760007000000,122210.06000000,122210.07000000,122098.08000000,122172.66000000,44.70979000
1760007300000,122172.66000000,122200.36000000,122134.66000000,122170.27000000,39.18443000
1760007600000,122170.26000000,122367.25000000,122170.26000000,122297.11000000,97.42341000
1760007900000,122297.11000000,122298.40000000,122200.01000000,122217.75000000,32.10416000
1760008200000,122217.75000000,122246.82000000,122182.00000000,122246.81000000,25.10002000
1760008500000,122246.82000000,122515.44000000,122246.81000000,122515.44000000,93.47854000
1760008800000,122515.43000000,122705.62000000,122499.98000000,122692.30000000,117.05214000
1760009100000,122692.31000000,122767.64000000,122638.00000000,122680.97000000,135.54445000
1760009400000,122680.96000000,122784.77000000,122596.72000000,122702.27000000,56.31525000
1760009700000,122702.27000000,122833.02000000,122665.45000000,122833.01000000,61.27184000
1760010000000,122833.01000000,122833.02000000,122783.00000000,122825.11000000,49.75865000
1760010300000,122825.11000000,122825.12000000,122720.11000000,122777.59000000,35.51307000
1760010600000,122777.60000000,122791.37000000,122683.41000000,122771.46000000,37.96732000
1760010900000,122771.45000000,122818.25000000,122737.56000000,122737.57000000,38.49029000
1760011200000,122737.56000000,122980.00000000,122709.10000000,122979.99000000,80.25060000
1760011500000,122979.99000000,123033.31000000,122910.71000000,123011.01000000,134.45180000
1760011800000,123011.00000000,123125.48000000,122990.24000000,123005.43000000,88.35639000
1760012100000,123005.43000000,123113.38000000,122954.74000000,123113.38000000,70.82696000
1760012400000,123113.38000000,123136.41000000,123008.81000000,123061.16000000,65.52999000
1760012700000,123061.16000000,123076.84000000,122999.67000000,123012.31000000,30.16229000
1760013000000,123012.31000000,123099.50000000,122933.22000000,123085.65000000,110.79271000
1760013300000,123085.65000000,123486.80000000,123049.19000000,123399.12000000,332.91613000
1760013600000,123399.13000000,123762.94000000,123313.38000000,123548.79000000,283.72701000
1760013900000,123548.79000000,123548.79000000,123321.45000000,123339.29000000,108.31727000
1760014200000,123339.28000000,123522.80000000,123339.28000000,123439.85000000,88.46809000
1760014500000,123439.84000000,123652.24000000,123415.38000000,123563.38000000,89.51361000
1760014800000,123563.38000000,123658.38000000,123460.00000000,123460.00000000,67.82786000
1760015100000,123460.00000000,123460.01000000,123289.77000000,123320.21000000,68.32475000
1760015400000,123320.22000000,123376.01000000,123183.42000000,123233.68000000,122.48160000
1760015700000,123233.69000000,123436.43000000,123203.27000000,123365.44000000,90.14631000
1760016000000,123365.43000000,123484.33000000,123365.42000000,123484.32000000,22.49785000
1760016300000,123484.33000000,123500.00000000,123430.50000000,123461.86000000,43.89142000
1760016600000,123461.85000000,123461.86000000,123096.32000000,123230.82000000,98.55942000
1760016900000,123230.82000000,123330.25000000,123000.00000000,123176.24000000,102.66172000
1760017200000,123176.24000000,123176.24000000,122576.26000000,122756.00000000,133.02838000
1760017500000,122755.99000000,123022.55000000,122623.03000000,122999.53000000,141.90348000
1760017800000,122999.52000000,123083.85000000,122670.04000000,122709.49000000,127.08742000
1760018100000,122709.49000000,122709.49000000,122277.76000000,122415.74000000,214.72232000
1760018400000,122415.74000000,122415.74000000,122033.99000000,122166.63000000,272.50232000
1760018700000,122166.64000000,122306.80000000,121774.36000000,122047.62000000,239.38819000
1760019000000,122047.61000000,122608.00000000,121993.39000000,122448.49000000,177.68900000
1760019300000,122448.49000000,122515.36000000,122161.64000000,122211.94000000,147.33787000
1760019600000,122211.94000000,122310.43000000,121536.18000000,121746.00000000,297.42613000
1760019900000,121746.00000000,121798.13000000,121610.00000000,121690.27000000,102.48376000
1760020200000,121690.27000000,121690.27000000,121400.00000000,121477.13000000,160.10500000
1760020500000,121477.13000000,121743.19000000,121300.00000000,121509.58000000,172.83403000
1760020800000,121509.59000000,121822.56000000,121259.00000000,121270.44000000,178.05332000
1760021100000,121270.44000000,121322.00000000,120736.96000000,121051.15000000,570.84767000
1760021400000,121051.16000000,121351.64000000,121000.00000000,121293.16000000,128.24572000
1760021700000,121293.15000000,121463.63000000,121250.80000000,121315.00000000,166.52918000
1760022000000,121315.01000000,121734.27000000,121315.01000000,121588.98000000,169.49382000
1760022300000,121588.97000000,121603.59000000,121381.50000000,121492.34000000,65.02644000
1760022600000,121492.33000000,121506.63000000,121300.00000000,121346.25000000,60.42226000
1760022900000,121346.26000000,121417.23000000,121227.50000000,121306.26000000,80.19413000
1760023200000,121306.26000000,121378.00000000,121042.58000000,121165.77000000,105.80442000
1760023500000,121165.77000000,121234.75000000,121020.83000000,121045.29000000,55.91563000
1760023800000,121045.29000000,121045.29000000,120889.91000000,120906.55000000,97.87378000
1760024100000,120906.54000000,121060.66000000,120837.12000000,120878.85000000,121.34400000
1760024400000,120878.85000000,120950.86000000,120772.14000000,120790.00000000,100.53234000
1760024700000,120790.00000000,121078.61000000,120673.99000000,121069.13000000,210.69588000
1760025000000,121069.13000000,121219.27000000,120979.37000000,121218.12000000,71.36877000
1760025300000,121218.12000000,121280.00000000,121035.07000000,121147.14000000,97.50296000
1760025600000,121147.15000000,121394.41000000,121140.54000000,121394.41000000,80.71628000
1760025900000,121394.41000000,121401.88000000,121180.84000000,121221.95000000,64.13599000
1760026200000,121221.95000000,121352.31000000,121221.95000000,121246.07000000,58.40642000
1760026500000,121246.07000000,121481.90000000,121191.71000000,121354.57000000,80.79816000
1760026800000,121354.57000000,121354.57000000,121056.68000000,121089.45000000,99.61124000
1760027100000,121089.46000000,121382.96000000,121062.00000000,121250.00000000,153.71626000
1760027400000,121250.00000000,121266.96000000,121130.40000000,121186.00000000,123.62278000
1760027700000,121185.99000000,121308.98000000,121181.43000000,121201.22000000,60.52160000
1760028000000,121201.21000000,121216.43000000,120590.00000000,120815.97000000,299.58203000
1760028300000,120815.97000000,120877.14000000,120598.00000000,120700.00000000,286.50042000
1760028600000,120700.00000000,120720.01000000,120258.32000000,120290.35000000,758.48124000
1760028900000,120290.35000000,120328.52000000,119707.29000000,119819.77000000,765.33616000
1760029200000,119819.76000000,120176.00000000,119651.47000000,119939.23000000,348.90624000
1760029500000,119939.23000000,120282.18000000,119806.44000000,120155.73000000,196.29277000
1760029800000,120155.72000000,120369.00000000,120155.62000000,120261.36000000,111.66196000
1760030100000,120261.37000000,120376.27000000,120128.23000000,120292.01000000,100.71334000
1760030400000,120292.00000000,120520.85000000,120280.09000000,120365.24000000,161.43684000
1760030700000,120365.23000000,120382.52000000,120190.00000000,120259.08000000,114.71694000
1760031000000,120259.08000000,120438.00000000,120246.67000000,120406.94000000,94.17481000
1760031300000,120406.94000000,120575.32000000,120315.39000000,120510.00000000,113.36506000
1760031600000,120510.00000000,120609.66000000,120454.27000000,120461.87000000,94.74651000
1760031900000,120461.86000000,120615.52000000,120417.96000000,120615.51000000,81.91175000
1760032200000,120615.52000000,120780.28000000,120615.51000000,120683.43000000,112.55508000
1760032500000,120683.43000000,121046.15000000,120671.78000000,120974.00000000,140.91667000
1760032800000,120971.22000000,121100.00000000,120706.87000000,120825.93000000,147.58164000
1760033100000,120825.93000000,120871.14000000,120678.77000000,120806.57000000,87.09939000
1760033400000,120806.56000000,120856.84000000,120762.59000000,120762.60000000,51.90213000
1760033700000,120762.60000000,120917.99000000,120762.60000000,120811.97000000,68.43749000
1760034000000,120811.97000000,120813.78000000,120557.95000000,120661.96000000,127.73746000
1760034300000,120661.96000000,120803.71000000,120650.00000000,120696.90000000,79.21412000
1760034600000,120696.90000000,120702.32000000,120431.53000000,120431.54000000,101.09049000
1760034900000,120431.54000000,120578.00000000,120396.00000000,120502.28000000,70.14616000
1760035200000,120502.28000000,120599.36000000,120458.38000000,120595.63000000,56.97637000
1760035500000,120595.63000000,120686.43000000,120523.07000000,120629.42000000,62.65418000
1760035800000,120629.43000000,120648.14000000,120496.09000000,120533.64000000,54.48449000
1760036100000,120533.65000000,120717.96000000,120507.93000000,120649.32000000,48.98612000
1760036400000,120649.33000000,120841.19000000,120649.32000000,120837.00000000,49.89909000
1760036700000,120837.01000000,120892.89000000,120759.83000000,120816.01000000,66.81983000
1760037000000,120816.00000000,120953.54000000,120801.38000000,120939.58000000,55.34248000
1760037300000,120939.58000000,120967.52000000,120826.53000000,120914.28000000,63.97146000
1760037600000,120914.28000000,121026.34000000,120914.28000000,121004.07000000,59.71132000
1760037900000,121004.07000000,121107.88000000,121004.07000000,121099.99000000,61.76574000
1760038200000,121100.00000000,121108.12000000,121005.43000000,121005.43000000,58.90794000
